c√≥digo,NOME,ESCALAS:
1,0001PA SEG A QUIN 08:00 AS 18:00 SEX 08:00:00 AS 17:00:00,0001PA SEG A QUIN 08:00 AS 18:00 SEX 08:00:00 AS 17:00:00
2,0002PA SEG A SEX 08:00 AS 17:00 E SAB 08:00 AS 12:00,0002PA SEG A SEX 08:00 AS 17:00 E SAB 08:00 AS 12:00
3,0003PA SEG A SEX 08:00 AS 17:00,0003PA SEG A SEX 08:00 AS 17:00
4,0004 SEG A SEX 11:00 AS 20:00 RECIFE,0004 SEG A SEX 11:00 AS 20:00 RECIFE
5,0006PA 12X36 DIURNO,0006PA 12X36 DIURNO
6,0007PA 12X36 NOTURNO,0007PA 12X36 NOTURNO
7,0008 SEG A QUI 12:00 AS 22:00 SEX 12:00 AS 21:00,0008 SEG A QUI 12:00 AS 22:00 SEX 12:00 AS 21:00
8,0009PA SEG QUI 07:00 AS 17:00 / SEX 07:00 AS 16:00,0009PA SEG QUI 07:00 AS 17:00 / SEX 07:00 AS 16:00
9,0010 SEG A QUI 10:00 AS 20:00 SEX 10:00 AS 19:00,0010 SEG A QUI 10:00 AS 20:00 SEX 10:00 AS 19:00
10,0011 SEG A QUI 09:00 AS 19:00 SEX DAS 09:00 AS 18:00,0011 SEG A QUI 09:00 AS 19:00 SEX DAS 09:00 AS 18:00
11,0012 SEG A SAB DAS 08:00 AS 14:00:20,0012 SEG A SAB DAS 08:00 AS 14:00:20
12,0013 SEG A SAB DAS 13:40 AS 20:00,0013 SEG A SAB DAS 13:40 AS 20:00
13,0014 SEG A SAB DAS 15:40 AS 22:00,0014 SEG A SAB DAS 15:40 AS 22:00
14,0015 SEG A QUI 06:00 AS 16:00 SEX 06:00 AS 15:00,0015 SEG A QUI 06:00 AS 16:00 SEX 06:00 AS 15:00
15,0016PA SEG A SEX 07:00 AS 17:00,0016PA SEG A SEX 07:00 AS 17:00
16,0017 SEG A SEX DAS 14:00 AS 22:00,0017 SEG A SEX DAS 14:00 AS 22:00
17,0018PA SEG A SEX DAS 22:00 AS 06:00,0018PA SEG A SEX DAS 22:00 AS 06:00
18,0019PA SEG A SEX NOTURNO 22:00 AS 06:00,0019PA SEG A SEX NOTURNO 22:00 AS 06:00
19,0020 SEG A SEX DAS 09:00 AS 16:00,0020 SEG A SEX DAS 09:00 AS 16:00
20,0021PA SEG/QUI 07:00 AS 17:00 HS,0021PA SEG/QUI 07:00 AS 17:00 HS
21,0022PA SEG QUI 07:00 AS 17:00 | SEX 07:00 AS 16:00,0022PA SEG QUI 07:00 AS 17:00 | SEX 07:00 AS 16:00
22,0023 SEG A QUIN 12:00 AS 22:00 SEX 12:00 AS 21:00,0023 SEG A QUIN 12:00 AS 22:00 SEX 12:00 AS 21:00
23,0024 SEG A QUIN DAS 06:00 AS 16:00 SEX DAS 06:00 AS 15:00 H,0024 SEG A QUIN DAS 06:00 AS 16:00 SEX DAS 06:00 AS 15:00 H
24,0025 SEG A SAB 09:00 AS 15:00:20,0025 SEG A SAB 09:00 AS 15:00:20
25,0027 SEG A SEX 07:30 AS 16:00:30 SAB 08:00 AS 12:00,0027 SEG A SEX 07:30 AS 16:00:30 SAB 08:00 AS 12:00
26,0028PA SEG A SEX 07:00 AS 16:00 SAB 08:00 AS 12:00,0028PA SEG A SEX 07:00 AS 16:00 SAB 08:00 AS 12:00
27,0029 SEG A SEX 09:00 AS 18:00 SAB 08:00 AS 12:00,0029 SEG A SEX 09:00 AS 18:00 SAB 08:00 AS 12:00
28,0031PA SEG A SEX 13:00 AS 22:00,0031PA SEG A SEX 13:00 AS 22:00
29,0032 SEG A SAB 07:00 AS 15:00:20,0032 SEG A SAB 07:00 AS 15:00:20
30,0033PA SEG A SAB 13 HS AS 21:20,0033PA SEG A SAB 13 HS AS 21:20
31,0035PA SEG A SEX 14:00 AS 23:00 SAB 14:00 AS 18:00,0035PA SEG A SEX 14:00 AS 23:00 SAB 14:00 AS 18:00
32,0036PA SEG A SEX 14:00 AS 23:00 SAB 14:00 AS 19:00,0036PA SEG A SEX 14:00 AS 23:00 SAB 14:00 AS 19:00
33,0037PA SEG A QUI 14:00 AS 00:00 E SEX 14:00 AS 23:00,0037PA SEG A QUI 14:00 AS 00:00 E SEX 14:00 AS 23:00
34,0038 SEG A QUI 22:00 AS 08:00 E SEX 22:00 AS 07:00,0038 SEG A QUI 22:00 AS 08:00 E SEX 22:00 AS 07:00
35,0039 SEG A SEX 04:30 AS 13:00 E SAB 04:30 AS 11:00,0039 SEG A SEX 04:30 AS 13:00 E SAB 04:30 AS 11:00
36,0040 SEG A QUIN 20:00 AS 06:00 SEX 20:00 AS 05:00,0040 SEG A QUIN 20:00 AS 06:00 SEX 20:00 AS 05:00
37,0041 SEG A QUIN 18:00 AS 04:00 SEX 18:00 AS 03:00,0041 SEG A QUIN 18:00 AS 04:00 SEX 18:00 AS 03:00
38,0042 SEG A QUIN 21:00 AS 07:00 SEX 21:00 AS 06:00,0042 SEG A QUIN 21:00 AS 07:00 SEX 21:00 AS 06:00
39,0046PA SEG A QUI 05:00 AS 15:00 SEX 05:00 AS 14:00,0046PA SEG A QUI 05:00 AS 15:00 SEX 05:00 AS 14:00
40,0044 07:00 12:00 / 13:15 17:00,0044 07:00 12:00 / 13:15 17:00
41,0034PA 6X1 5X2 07:00 AS 17:00,0034PA 6X1 5X2 07:00 AS 17:00
42,0049PA SEG A SEX 08:00 AS 18:00 SAB 08:00 AS 12:00 ALMOCO 2 HR,0049PA SEG A SEX 08:00 AS 18:00 SAB 08:00 AS 12:00 ALMOCO 2 HR
43,0056PA 4X1 06:00 AS 15:00,0056PA 4X1 06:00 AS 15:00
44,0061PA 4X1 16:00 AS 01:00,0061PA 4X1 16:00 AS 01:00
45,0058PA 4X1 08:00 AS 18:00,0058PA 4X1 08:00 AS 18:00
46,0060 4X1 15:30 AS 00:00:30,0060 4X1 15:30 AS 00:00:30
47,0057PA 4X1 07:00 AS 17:00,0057PA 4X1 07:00 AS 17:00
48,0048PA SEG A QUI 07:00 AS 18:00 SEX 07:00 AS 17:00 ALMOCO 2 HR,0048PA SEG A QUI 07:00 AS 18:00 SEX 07:00 AS 17:00 ALMOCO 2 HR
49,0051PA SEG A SEX 15:00 AS 00:00 SAB 15:00 AS 23:00,0051PA SEG A SEX 15:00 AS 00:00 SAB 15:00 AS 23:00
50,0059PA 4X1 15:00 AS 00:00,0059PA 4X1 15:00 AS 00:00
51,0055 2X1 08:00 AS 18:00,0055 2X1 08:00 AS 18:00
52,0054PA 12X36 NOTURNO 19:00 AS 07:00,0054PA 12X36 NOTURNO 19:00 AS 07:00
53,0053PA 12X36 DIURNO 07:00 AS 19:00,0053PA 12X36 DIURNO 07:00 AS 19:00
54,0047PA SEG A SEX 06:00 AS 15:00 SAB 08:00 AS 12:00,0047PA SEG A SEX 06:00 AS 15:00 SAB 08:00 AS 12:00
55,0026PA 7:00 11:00 / 13:00 17:00,0026PA 7:00 11:00 / 13:00 17:00
56,0045 SEG A SAB 15:00 AS 22:00,0045 SEG A SAB 15:00 AS 22:00
57,0063PA 4X1 21:00 AS 06:00,0063PA 4X1 21:00 AS 06:00
58,0043 SEG A QUI 07:30 AS 17:00:30 SEX 07:30 AS 16:00:30,0043 SEG A QUI 07:30 AS 17:00:30 SEX 07:30 AS 16:00:30
59,0062PA 4X1 19:00 AS 04:00,0062PA 4X1 19:00 AS 04:00
60,0050PA SEG A QUI 08:40 AS 19:00:40 SEX 08:40 AS 18:00:40 REF 02:00,0050PA SEG A QUI 08:40 AS 19:00:40 SEX 08:40 AS 18:00:40 REF 02:00
61,0052PA SEG A SEX 16:00 AS 01:00 SAB 16:00 AS 00:00,0052PA SEG A SEX 16:00 AS 01:00 SAB 16:00 AS 00:00
62,0005PA SEG A SEX 20:00 AS 05:00:48,0005PA SEG A SEX 20:00 AS 05:00:48
63,0064 TER A SEX DAS 10:00 AS 20:00 SAB DAS 10:00 AS 19:00,0064 TER A SEX DAS 10:00 AS 20:00 SAB DAS 10:00 AS 19:00
64,0065PA TER A SEX DAS 13:00 AS 22:00 SAB DAS 13:00 AS 17:00,0065PA TER A SEX DAS 13:00 AS 22:00 SAB DAS 13:00 AS 17:00
65,0066PA SEG A SEX 07:00 AS 16:00 SAB 07:00:00 AS 11:00:00,0066PA SEG A SEX 07:00 AS 16:00 SAB 07:00:00 AS 11:00:00
66,0067PA SEG A QUI DAS 06:30 AS 16:00:30 SEX DAS 06:30 AS 15:00:30,0067PA SEG A QUI DAS 06:30 AS 16:00:30 SEX DAS 06:30 AS 15:00:30
67,0076PA SEG A SEX DAS 05:00 AS 14:00 SAB 07:00 AS 11:00,0076PA SEG A SEX DAS 05:00 AS 14:00 SAB 07:00 AS 11:00
68,DESCONTO DSR,DESCONTO DSR
69,0067PA SEG A SEX 15:00 AS 01:00,0067PA SEG A SEX 15:00 AS 01:00
70,0068 SEG A QUI 13:00 AS 23:00 SEX 13:00 AS 22:00,0068 SEG A QUI 13:00 AS 23:00 SEX 13:00 AS 22:00
71,0069PA SEG A SEX 19:00 AS 05:00,0069PA SEG A SEX 19:00 AS 05:00
72,0070 SEG A SEX 09:00 AS 18:00 SAB 09:00 AS 13:00,0070 SEG A SEX 09:00 AS 18:00 SAB 09:00 AS 13:00
73,0071PA 12X36 DAS 12:00:00 AS 00:00:00,0071PA 12X36 DAS 12:00:00 AS 00:00:00
74,0072 SEG A QUIN 07:30 AS 18:00 SEX 07:30:00 AS 17:00:00.,0072 SEG A QUIN 07:30 AS 18:00 SEX 07:30:00 AS 17:00:00.
75,0073 12X36 18:00 AS 06:00.,0073 12X36 18:00 AS 06:00.
76,0074PA SEG A SEX 05:00 AS 14:00 SAB 05:00 AS 09:00,0074PA SEG A SEX 05:00 AS 14:00 SAB 05:00 AS 09:00
77,00001 SEG A QUIN 08:00 AS 18:00 SEX 08:00:00 AS 17:00:00,00001 SEG A QUIN 08:00 AS 18:00 SEX 08:00:00 AS 17:00:00
78,0002 SEG A SEX 08:00 AS 17:00 E SAB 08:00 AS 12:00,0002 SEG A SEX 08:00 AS 17:00 E SAB 08:00 AS 12:00
79,0003 SEG A SEX 08:00 AS 17:00,0003 SEG A SEX 08:00 AS 17:00
80,0004PA SEG A SEX 11:00 AS 20:00 RECIFE,0004PA SEG A SEX 11:00 AS 20:00 RECIFE
81,0005 SEG A SEX 20:00 AS 05:00:48,0005 SEG A SEX 20:00 AS 05:00:48
82,0006 12X36 DIURNO,0006 12X36 DIURNO
83,0007 12X36 NOTURNO,0007 12X36 NOTURNO
84,0008PA SEG A QUI 12:00 AS 22:00 SEX 12:00 AS 21:00,0008PA SEG A QUI 12:00 AS 22:00 SEX 12:00 AS 21:00
85,0009 SEG QUI 07:00 AS 17:00 / SEX 07:00 AS 16:00,0009 SEG QUI 07:00 AS 17:00 / SEX 07:00 AS 16:00
86,0010PA SEG A QUI 10:00 AS 20:00 SEX 10:00 AS 19:00,0010PA SEG A QUI 10:00 AS 20:00 SEX 10:00 AS 19:00
87,0011PA SEG A QUI 09:00 AS 19:00 SEX DAS 09:00 AS 18:00,0011PA SEG A QUI 09:00 AS 19:00 SEX DAS 09:00 AS 18:00
88,0013PA SEG A SAB DAS 13:40 AS 20:00,0013PA SEG A SAB DAS 13:40 AS 20:00
89,0014PA SEG A SAB DAS 15:40 AS 22:00,0014PA SEG A SAB DAS 15:40 AS 22:00
90,0015PA SEG A QUI 06:00 AS 16:00 SEX 06:00 AS 15:00,0015PA SEG A QUI 06:00 AS 16:00 SEX 06:00 AS 15:00
91,0016 SEG A SEX 07:00 AS 17:00,0016 SEG A SEX 07:00 AS 17:00
92,0017PA SEG A SEX DAS 14:00 AS 22:00,0017PA SEG A SEX DAS 14:00 AS 22:00
93,0018 SEG A SEX DAS 22:00 AS 06:00,0018 SEG A SEX DAS 22:00 AS 06:00
94,0020PA SEG A SEX DAS 09:00 AS 16:00 COPIA,0020PA SEG A SEX DAS 09:00 AS 16:00 COPIA
95,0021 SEG/QUI 07:00 AS 17:00 HS,0021 SEG/QUI 07:00 AS 17:00 HS
96,0022 SEG QUI 07:00 AS 17:00 | SEX 07:00 AS 16:00,0022 SEG QUI 07:00 AS 17:00 | SEX 07:00 AS 16:00
97,0023PA SEG A QUIN 12:00 AS 22:00 SEX 12:00 AS 21:00,0023PA SEG A QUIN 12:00 AS 22:00 SEX 12:00 AS 21:00
98,0024PA SEG A QUIN DAS 06:00 AS 16:00 SEX DAS 06:00 AS 15:00 H,0024PA SEG A QUIN DAS 06:00 AS 16:00 SEX DAS 06:00 AS 15:00 H
99,0025PA SEG A SAB 09:00 AS 15:00:20,0025PA SEG A SAB 09:00 AS 15:00:20
100,0026 7:00 11:00 / 13:00 17:00,0026 7:00 11:00 / 13:00 17:00
101,0027PA SEG A SEX 07:30 AS 16:00:30 SAB 08:00 AS 12:00,0027PA SEG A SEX 07:30 AS 16:00:30 SAB 08:00 AS 12:00
102,0028 SEG A SEX 07:00 AS 16:00 SAB 08:00 AS 12:00,0028 SEG A SEX 07:00 AS 16:00 SAB 08:00 AS 12:00
103,0029PA SEG A SEX 09:00 AS 18:00 SAB 08:00 AS 12:00,0029PA SEG A SEX 09:00 AS 18:00 SAB 08:00 AS 12:00
104,0031 SEG A SEX 13:00 AS 22:00,0031 SEG A SEX 13:00 AS 22:00
105,0032PA SEG A SAB 07:00 AS 15:00:20,0032PA SEG A SAB 07:00 AS 15:00:20
106,0033 SEG A SAB 13 HS AS 21:20,0033 SEG A SAB 13 HS AS 21:20
107,0034 6X1 5X2 07:00 AS 17:00,0034 6X1 5X2 07:00 AS 17:00
108,0035 SEG A SEX 14:00 AS 23:00 SAB 14:00 AS 18:00,0035 SEG A SEX 14:00 AS 23:00 SAB 14:00 AS 18:00
109,0036 SEG A SEX 14:00 AS 23:00 SAB 14:00 AS 19:00,0036 SEG A SEX 14:00 AS 23:00 SAB 14:00 AS 19:00
110,0037 SEG A QUI 14:00 AS 00:00 E SEX 14:00 AS 23:00,0037 SEG A QUI 14:00 AS 00:00 E SEX 14:00 AS 23:00
111,0038PA SEG A QUI 22:00 AS 08:00 E SEX 22:00 AS 07:00,0038PA SEG A QUI 22:00 AS 08:00 E SEX 22:00 AS 07:00
112,0039PA SEG A SEX 04:30 AS 13:00 E SAB 04:30 AS 11:00,0039PA SEG A SEX 04:30 AS 13:00 E SAB 04:30 AS 11:00
113,0040PA SEG A QUIN 20:00 AS 06:00 SEX 20:00 AS 05:00,0040PA SEG A QUIN 20:00 AS 06:00 SEX 20:00 AS 05:00
114,0041PA SEG A QUIN 18:00 AS 04:00 SEX 18:00 AS 03:00,0041PA SEG A QUIN 18:00 AS 04:00 SEX 18:00 AS 03:00
115,0042PA SEG A QUIN 21:00 AS 07:00 SEX 21:00 AS 06:00,0042PA SEG A QUIN 21:00 AS 07:00 SEX 21:00 AS 06:00
116,0043PA SEG A QUI 07:30 AS 17:00:30 SEX 07:30 AS 16:00:30,0043PA SEG A QUI 07:30 AS 17:00:30 SEX 07:30 AS 16:00:30
117,0044PA 07:00 12:00 / 13:15 17:00,0044PA 07:00 12:00 / 13:15 17:00
118,0045PA SEG A SAB 15:00 AS 22:00,0045PA SEG A SAB 15:00 AS 22:00
119,0046 SEG A QUI 05:00 AS 15:00 SEX 05:00 AS 14:00,0046 SEG A QUI 05:00 AS 15:00 SEX 05:00 AS 14:00
120,0047 SEG A SEX 06:00 AS 15:00 SAB 08:00 AS 12:00,0047 SEG A SEX 06:00 AS 15:00 SAB 08:00 AS 12:00
121,0048 SEG A QUI 07:00 AS 18:00 SEX 07:00 AS 17:00 ALMOCO 2 HR,0048 SEG A QUI 07:00 AS 18:00 SEX 07:00 AS 17:00 ALMOCO 2 HR
122,0049 SEG A SEX 08:00 AS 18:00 SAB 08:00 AS 12:00 ALMOCO 2 HR,0049 SEG A SEX 08:00 AS 18:00 SAB 08:00 AS 12:00 ALMOCO 2 HR
123,0050 SEG A QUI 08:40 AS 19:00:40 SEX 08:40 AS 18:00:40 REF 02:00,0050 SEG A QUI 08:40 AS 19:00:40 SEX 08:40 AS 18:00:40 REF 02:00
124,0051 SEG A SEX 15:00 AS 00:00 SAB 15:00 AS 23:00,0051 SEG A SEX 15:00 AS 00:00 SAB 15:00 AS 23:00
125,0052 SEG A SEX 16:00 AS 01:00 SAB 16:00 AS 00:00,0052 SEG A SEX 16:00 AS 01:00 SAB 16:00 AS 00:00
126,0053 12X36 DIURNO 07:00 AS 19:00,0053 12X36 DIURNO 07:00 AS 19:00
127,0054 12X36 NOTURNO 19:00 AS 07:00,0054 12X36 NOTURNO 19:00 AS 07:00
128,0055PA 2X1 08:00 AS 18:00,0055PA 2X1 08:00 AS 18:00
129,0056 4X1 06:00 AS 15:00,0056 4X1 06:00 AS 15:00
130,0057 4X1 07:00 AS 17:00,0057 4X1 07:00 AS 17:00
131,0058 4X1 08:00 AS 18:00,0058 4X1 08:00 AS 18:00
132,0059 4X1 15:00 AS 00:00,0059 4X1 15:00 AS 00:00
133,0060PA 4X1 15:30 AS 00:00:30,0060PA 4X1 15:30 AS 00:00:30
134,0061 4X1 16:00 AS 01:00,0061 4X1 16:00 AS 01:00
135,0062 4X1 19:00 AS 04:00,0062 4X1 19:00 AS 04:00
136,0063 4X1 21:00 AS 06:00,0063 4X1 21:00 AS 06:00
137,0064PA TER A SEX DAS 10:00 AS 20:00 SAB DAS 10:00 AS 19:00,0064PA TER A SEX DAS 10:00 AS 20:00 SAB DAS 10:00 AS 19:00
138,0065 TER A SEX DAS 13:00 AS 22:00 SAB DAS 13:00 AS 17:00,0065 TER A SEX DAS 13:00 AS 22:00 SAB DAS 13:00 AS 17:00
139,0066 SEG A SEX 07:00 AS 16:00 SAB 07:00:00 AS 11:00:00,0066 SEG A SEX 07:00 AS 16:00 SAB 07:00:00 AS 11:00:00
140,0067 SEG A QUI DAS 06:30 AS 16:00:30 SEX DAS 06:30 AS 15:00:30,0067 SEG A QUI DAS 06:30 AS 16:00:30 SEX DAS 06:30 AS 15:00:30
141,0067 SEG A SEX 15:00 AS 01:00,0067 SEG A SEX 15:00 AS 01:00
142,0068PA SEG A QUI 13:00 AS 23:00 SEX 13:00 AS 22:00,0068PA SEG A QUI 13:00 AS 23:00 SEX 13:00 AS 22:00
143,0069 SEG A SEX 19:00 AS 05:00,0069 SEG A SEX 19:00 AS 05:00
144,0070PA SEG A SEX 09:00 AS 18:00 SAB 09:00 AS 13:00,0070PA SEG A SEX 09:00 AS 18:00 SAB 09:00 AS 13:00
145,0071 12X36 DAS 12:00:00 AS 00:00:00.,0071 12X36 DAS 12:00:00 AS 00:00:00.
146,0072PA SEG A QUIN 07:30 AS 18:00 SEX 07:30:00 AS 17:00:00,0072PA SEG A QUIN 07:30 AS 18:00 SEX 07:30:00 AS 17:00:00
147,0073PA 12X36 18:00 AS 06:00,0073PA 12X36 18:00 AS 06:00
148,0074 SEG A SEX 05:00 AS 14:00 SAB 05:00 AS 09:00.,0074 SEG A SEX 05:00 AS 14:00 SAB 05:00 AS 09:00.
149,0075 TER A SEX 07:00 AS 17:00 SAB 07:00 AS 16:00.,0075 TER A SEX 07:00 AS 17:00 SAB 07:00 AS 16:00.
150,0076 SEG A SEX DAS 05:00 AS 14:00 SAB 07:00 AS 11:00.,0076 SEG A SEX DAS 05:00 AS 14:00 SAB 07:00 AS 11:00.
151,0077 SEG A QUI DAS 13:00 AS 23:00 SEX 13:00 22:00.,0077 SEG A QUI DAS 13:00 AS 23:00 SEX 13:00 22:00.
152,0078PA 4X1 4X2 3X2 3X2 06:00 AS 15:00 TMA A,0078PA 4X1 4X2 3X2 3X2 06:00 AS 15:00 TMA A
153,0079PA 4X1 4X2 3X2 3X2 14:00 AS 23:00 TMA A,0079PA 4X1 4X2 3X2 3X2 14:00 AS 23:00 TMA A
154,0080PA 4X1 4X2 3X2 3X2 21:00 AS 06:00 TMA A,0080PA 4X1 4X2 3X2 3X2 21:00 AS 06:00 TMA A
155,0081PA 4X1 4X2 3X2 3X2 05:00 AS 14:00 TMA A,0081PA 4X1 4X2 3X2 3X2 05:00 AS 14:00 TMA A
156,0082PA 4X1 4X2 3X2 3X2 13:00 AS 22:00 TMA A,0082PA 4X1 4X2 3X2 3X2 13:00 AS 22:00 TMA A
157,0083 SEG A QUIN 16:00 AS 02:00 SEX 16:00 AS 01:00.,0083 SEG A QUIN 16:00 AS 02:00 SEX 16:00 AS 01:00.
158,0084 12X36 06:00 AS 18:00.,0084 12X36 06:00 AS 18:00.
159,0077PA SEG A QUI DAS 13:00 AS 23:00 SEX 13:00 22:00,0077PA SEG A QUI DAS 13:00 AS 23:00 SEX 13:00 22:00
160,0085 SEG A SAB 06:00 AS 14:00:20 C/01:00.,0085 SEG A SAB 06:00 AS 14:00:20 C/01:00.
161,0086 SEG A SAB 14:20 AS 22:00:40 C/01:00 COPIA,0086 SEG A SAB 14:20 AS 22:00:40 C/01:00 COPIA
162,0087PA 4X1 4X2 3X2 3X2 20:00 AS 05:00 TMA A,0087PA 4X1 4X2 3X2 3X2 20:00 AS 05:00 TMA A
163,0088PA SEG A SAB 10:00 AS 18:00:20 (PA),0088PA SEG A SAB 10:00 AS 18:00:20 (PA)
164,0078PA 4X1 4X2 3X2 3X2 06:00 AS 15:00 TMA B,0078PA 4X1 4X2 3X2 3X2 06:00 AS 15:00 TMA B
165,0078PA 4X1 4X2 3X2 3X2 06:00 AS 15:00 TMA C,0078PA 4X1 4X2 3X2 3X2 06:00 AS 15:00 TMA C
166,0079PA 4X1 4X2 3X2 3X2 14:00 AS 23:00 TMA B,0079PA 4X1 4X2 3X2 3X2 14:00 AS 23:00 TMA B
167,0079PA 4X1 4X2 3X2 3X2 14:00 AS 23:00 TMA C,0079PA 4X1 4X2 3X2 3X2 14:00 AS 23:00 TMA C
168,0080PA 4X1 4X2 3X2 3X2 21:00 AS 06:00 TMA B,0080PA 4X1 4X2 3X2 3X2 21:00 AS 06:00 TMA B
169,0080PA 4X1 4X2 3X2 3X2 21:00 AS 06:00 TMA C,0080PA 4X1 4X2 3X2 3X2 21:00 AS 06:00 TMA C
170,0081PA 4X1 4X2 3X2 3X2 05:00 AS 14:00 TMA B,0081PA 4X1 4X2 3X2 3X2 05:00 AS 14:00 TMA B
171,0081PA 4X1 4X2 3X2 3X2 05:00 AS 14:00 TMA C,0081PA 4X1 4X2 3X2 3X2 05:00 AS 14:00 TMA C
172,0082PA 4X1 4X2 3X2 3X2 13:00 AS 22:00 TMA B,0082PA 4X1 4X2 3X2 3X2 13:00 AS 22:00 TMA B
173,0082PA 4X1 4X2 3X2 3X2 13:00 AS 22:00 TMA C,0082PA 4X1 4X2 3X2 3X2 13:00 AS 22:00 TMA C
174,0087PA 4X1 4X2 3X2 3X2 20:00 AS 05:00 TMA B,0087PA 4X1 4X2 3X2 3X2 20:00 AS 05:00 TMA B
175,0087PA 4X1 4X2 3X2 3X2 20:00 AS 05:00 TMA C,0087PA 4X1 4X2 3X2 3X2 20:00 AS 05:00 TMA C
176,2X2 SUP TMA M,2X2 SUP TMA M
177,2X2 SUP TMA N,2X2 SUP TMA N
178,0089 SEG A QUI 21:00 AS 07:00 SEX DAS 21:00 AS 07:00:00:00 AS 07:00,0089 SEG A QUI 21:00 AS 07:00 SEX DAS 21:00 AS 07:00:00:00 AS 07:00
179,0090 SEG A SEX DAS 12:00 AS 21:00,0090 SEG A SEX DAS 12:00 AS 21:00
180,0091PA 4X1 4X2 3X2 3X2 22:00 AS 07:00 TMA A,0091PA 4X1 4X2 3X2 3X2 22:00 AS 07:00 TMA A
181,0092PA 4X1 4X2 3X2 3X2 07:00 AS 16:00 TMA A,0092PA 4X1 4X2 3X2 3X2 07:00 AS 16:00 TMA A
182,0091PA 4X1 4X2 3X2 3X2 22:00 AS 07:00 TMA B,0091PA 4X1 4X2 3X2 3X2 22:00 AS 07:00 TMA B
183,0091PA 4X1 4X2 3X2 3X2 22:00 AS 07:00 TMA C,0091PA 4X1 4X2 3X2 3X2 22:00 AS 07:00 TMA C
184,0092PA 4X1 4X2 3X2 3X2 07:00 AS 16:00 TMA B,0092PA 4X1 4X2 3X2 3X2 07:00 AS 16:00 TMA B
185,0092PA 4X1 4X2 3X2 3X2 07:00 AS 16:00 TMA C,0092PA 4X1 4X2 3X2 3X2 07:00 AS 16:00 TMA C
186,0093PA 4X1 4X2 3X2 3X2 08:00 AS 17:00 TMA A,0093PA 4X1 4X2 3X2 3X2 08:00 AS 17:00 TMA A
187,0094PA 4X1 4X2 3X2 3X2 09:00 AS 18:00 TMA A,0094PA 4X1 4X2 3X2 3X2 09:00 AS 18:00 TMA A
188,0093PA 4X1 4X2 3X2 3X2 08:00 AS 17:00 TMA B,0093PA 4X1 4X2 3X2 3X2 08:00 AS 17:00 TMA B
189,0093PA 4X1 4X2 3X2 3X2 08:00 AS 17:00 TMA C,0093PA 4X1 4X2 3X2 3X2 08:00 AS 17:00 TMA C
190,0094PA 4X1 4X2 3X2 3X2 09:00 AS 18:00 TMA B,0094PA 4X1 4X2 3X2 3X2 09:00 AS 18:00 TMA B
191,0094PA 4X1 4X2 3X2 3X2 09:00 AS 18:00 TMA C,0094PA 4X1 4X2 3X2 3X2 09:00 AS 18:00 TMA C
192,TMA 4X1 4X2 3X2 3X2 05:30 AS 15:00:10 A,TMA 4X1 4X2 3X2 3X2 05:30 AS 15:00:10 A
193,TMA 4X1 4X2 3X2 3X2 05:30 AS 15:00:10 B,TMA 4X1 4X2 3X2 3X2 05:30 AS 15:00:10 B
194,TMA 4X1 4X2 3X2 3X2 05:30 AS 15:00:10 C,TMA 4X1 4X2 3X2 3X2 05:30 AS 15:00:10 C
195,TMA 4X1 4X2 3X2 3X2 07:30 AS 17:00:10 A,TMA 4X1 4X2 3X2 3X2 07:30 AS 17:00:10 A
196,TMA 4X1 4X2 3X2 3X2 07:30 AS 17:00:10 B,TMA 4X1 4X2 3X2 3X2 07:30 AS 17:00:10 B
197,TMA 4X1 4X2 3X2 3X2 07:30 AS 17:00:10 C,TMA 4X1 4X2 3X2 3X2 07:30 AS 17:00:10 C
198,TMA 4X1 4X2 3X2 3X2 11:30 AS 21:00:10 A,TMA 4X1 4X2 3X2 3X2 11:30 AS 21:00:10 A
199,TMA 4X1 4X2 3X2 3X2 11:30 AS 21:00:10 B,TMA 4X1 4X2 3X2 3X2 11:30 AS 21:00:10 B
200,TMA 4X1 4X2 3X2 3X2 11:30 AS 21:00:10 C,TMA 4X1 4X2 3X2 3X2 11:30 AS 21:00:10 C
201,TMA 4X1 4X2 3X2 3X2 13:20 AS 23:00 A,TMA 4X1 4X2 3X2 3X2 13:20 AS 23:00 A
202,TMA 4X1 4X2 3X2 3X2 13:20 AS 23:00 B,TMA 4X1 4X2 3X2 3X2 13:20 AS 23:00 B
203,TMA 4X1 4X2 3X2 3X2 13:20 AS 23:00 C,TMA 4X1 4X2 3X2 3X2 13:20 AS 23:00 C
204,TMA 4X1 4X2 3X2 3X2 19:30 AS 05:00:10 A,TMA 4X1 4X2 3X2 3X2 19:30 AS 05:00:10 A
205,TMA 4X1 4X2 3X2 3X2 19:30 AS 05:00:10 B,TMA 4X1 4X2 3X2 3X2 19:30 AS 05:00:10 B
206,TMA 4X1 4X2 3X2 3X2 19:30 AS 05:00:10 C,TMA 4X1 4X2 3X2 3X2 19:30 AS 05:00:10 C
207,TMA 4X1 4X2 3X2 3X2 21:30 AS 07:00:10 A,TMA 4X1 4X2 3X2 3X2 21:30 AS 07:00:10 A
208,TMA 4X1 4X2 3X2 3X2 21:30 AS 07:00:10 B,TMA 4X1 4X2 3X2 3X2 21:30 AS 07:00:10 B
209,TMA 4X1 4X2 3X2 3X2 21:30 AS 07:00:10 C,TMA 4X1 4X2 3X2 3X2 21:30 AS 07:00:10 C
210,TMA 4X1 4X2 3X2 3X2 06:30 AS 16:00:10 A,TMA 4X1 4X2 3X2 3X2 06:30 AS 16:00:10 A
211,TMA 4X1 4X2 3X2 3X2 06:30 AS 16:00:10 B,TMA 4X1 4X2 3X2 3X2 06:30 AS 16:00:10 B
212,TMA 4X1 4X2 3X2 3X2 06:30 AS 16:00:10 C,TMA 4X1 4X2 3X2 3X2 06:30 AS 16:00:10 C
213,0102 SEG A SEX 06:00 AS 15:00,0102 SEG A SEX 06:00 AS 15:00
214,0103PA 12X36 11:00 AS 23:00,0103PA 12X36 11:00 AS 23:00
215,0104PA 12X36 20:00 AS 08:00,0104PA 12X36 20:00 AS 08:00
216,0105PA TER A SEX 09:00 AS 19:00 SAB 09:00 AS 18:00,0105PA TER A SEX 09:00 AS 19:00 SAB 09:00 AS 18:00
217,0106PA SEG A SAB 11:00 AS 19:00:20,0106PA SEG A SAB 11:00 AS 19:00:20
218,0107PA SEG A QUI 20:30 AS 06:00:30 E SEX 20:30 AS 05:00:30 COPIA,0107PA SEG A QUI 20:30 AS 06:00:30 E SEX 20:30 AS 05:00:30 COPIA
219,TMA 4X1 4X2 3X2 3X2 09:30 AS 19:00:10 A,TMA 4X1 4X2 3X2 3X2 09:30 AS 19:00:10 A
220,TMA 4X1 4X2 3X2 3X2 09:30 AS 19:00:10 B,TMA 4X1 4X2 3X2 3X2 09:30 AS 19:00:10 B
221,TMA 4X1 4X2 3X2 3X2 09:30 AS 19:00:10 C,TMA 4X1 4X2 3X2 3X2 09:30 AS 19:00:10 C
222,109PA SEG A SEX 12:00 AS 21:00 SAB 09:00 AS 13:00,109PA SEG A SEX 12:00 AS 21:00 SAB 09:00 AS 13:00
223,110 SEG A QUI 16:00 AS 02:00 SEX 16:00 AS 01:00,110 SEG A QUI 16:00 AS 02:00 SEX 16:00 AS 01:00
224,111 SEG A QUIN 18:00 AS 04:00 SEX 18:00 AS 03:00,111 SEG A QUIN 18:00 AS 04:00 SEX 18:00 AS 03:00
225,0112 SEG A SEX 07:00 AS 16:00,0112 SEG A SEX 07:00 AS 16:00
226,0113 SEG A SEX 08:00 AS 15:00,0113 SEG A SEX 08:00 AS 15:00
227,0114 SEG A SEX 11:00 AS 18:00,0114 SEG A SEX 11:00 AS 18:00
228,0115 SEG A SEX 12:00 AS 19:00,0115 SEG A SEX 12:00 AS 19:00
229,0116 SEG A SEX 07:00 AS 14:00,0116 SEG A SEX 07:00 AS 14:00
230,TMA 4X1 4X2 3X2 3X2 21:40 AS 07:00:20 A,TMA 4X1 4X2 3X2 3X2 21:40 AS 07:00:20 A
231,TMA 4X1 4X2 3X2 3X2 21:40 AS 07:00:20 B,TMA 4X1 4X2 3X2 3X2 21:40 AS 07:00:20 B
232,TMA 4X1 4X2 3X2 3X2 21:40 AS 07:00:20 C,TMA 4X1 4X2 3X2 3X2 21:40 AS 07:00:20 C
233,TMA 4X1 4X2 3X2 3X2 05:40 AS 15:00:20 A,TMA 4X1 4X2 3X2 3X2 05:40 AS 15:00:20 A
234,TMA 4X1 4X2 3X2 3X2 05:40 AS 15:00:20 B,TMA 4X1 4X2 3X2 3X2 05:40 AS 15:00:20 B
235,TMA 4X1 4X2 3X2 3X2 05:40 AS 15:00:20 C,TMA 4X1 4X2 3X2 3X2 05:40 AS 15:00:20 C
236,TMA 4X1 4X2 3X2 3X2 11:40 AS 21:00:20 A,TMA 4X1 4X2 3X2 3X2 11:40 AS 21:00:20 A
237,TMA 4X1 4X2 3X2 3X2 11:40 AS 21:00:20 B,TMA 4X1 4X2 3X2 3X2 11:40 AS 21:00:20 B
238,TMA 4X1 4X2 3X2 3X2 11:40 AS 21:00:20 C,TMA 4X1 4X2 3X2 3X2 11:40 AS 21:00:20 C
239,TMA 4X1 4X2 3X2 3X2 13:40 AS 23:00:20 A,TMA 4X1 4X2 3X2 3X2 13:40 AS 23:00:20 A
240,TMA 4X1 4X2 3X2 3X2 13:40 AS 23:00:20 B,TMA 4X1 4X2 3X2 3X2 13:40 AS 23:00:20 B
241,TMA 4X1 4X2 3X2 3X2 13:40 AS 23:00:20 C,TMA 4X1 4X2 3X2 3X2 13:40 AS 23:00:20 C
242,0121PA SEG A QUIN 03:30:00 AS 13:00:30 SEX 03:30:00 AS 12:00:30,0121PA SEG A QUIN 03:30:00 AS 13:00:30 SEX 03:30:00 AS 12:00:30
243,0122 10:00 AS 17:00,0122 10:00 AS 17:00
244,0123PA SEG 07:00 AS 16:00 / TER SEX 07:00 AS 17:00,0123PA SEG 07:00 AS 16:00 / TER SEX 07:00 AS 17:00
245,0123 SEG 07:00 AS 16:00 / TER SEX 07:00 AS 17:00,0123 SEG 07:00 AS 16:00 / TER SEX 07:00 AS 17:00
246,TMA 4X1 4X2 3X2 3X2 06:40 AS 16:00:20 A,TMA 4X1 4X2 3X2 3X2 06:40 AS 16:00:20 A
247,TMA 4X1 4X2 3X2 3X2 15:40 AS 01:00:20 C,TMA 4X1 4X2 3X2 3X2 15:40 AS 01:00:20 C
248,TMA 4X1 4X2 3X2 3X2 06:40 AS 16:00:20 B,TMA 4X1 4X2 3X2 3X2 06:40 AS 16:00:20 B
249,TMA 4X1 4X2 3X2 3X2 06:40 AS 16:00:20 C,TMA 4X1 4X2 3X2 3X2 06:40 AS 16:00:20 C
250,TMA 4X1 4X2 3X2 3X2 07:40 AS 17:00:20 A,TMA 4X1 4X2 3X2 3X2 07:40 AS 17:00:20 A
251,TMA 4X1 4X2 3X2 3X2 07:40 AS 17:00:20 B,TMA 4X1 4X2 3X2 3X2 07:40 AS 17:00:20 B
252,TMA 4X1 4X2 3X2 3X2 07:40 AS 17:00:20 C,TMA 4X1 4X2 3X2 3X2 07:40 AS 17:00:20 C
253,TMA 4X1 4X2 3X2 3X2 15:40 AS 01:00:20 A,TMA 4X1 4X2 3X2 3X2 15:40 AS 01:00:20 A
254,TMA 4X1 4X2 3X2 3X2 15:40 AS 01:00:20 B,TMA 4X1 4X2 3X2 3X2 15:40 AS 01:00:20 B
255,0127(PA) SEG 08:00 AS 17:00 TER A SEX 08:00 AS 18:00,0127(PA) SEG 08:00 AS 17:00 TER A SEX 08:00 AS 18:00
256,0127 SEG 08:00 AS 17:00 TER A SEX 08:00 AS 18:00,0127 SEG 08:00 AS 17:00 TER A SEX 08:00 AS 18:00
257,TMA 4X1 4X2 3X2 3X2 09:40 AS 19:00:20 A,TMA 4X1 4X2 3X2 3X2 09:40 AS 19:00:20 A
258,TMA 4X1 4X2 3X2 3X2 09:40 AS 19:00:20 B,TMA 4X1 4X2 3X2 3X2 09:40 AS 19:00:20 B
259,TMA 4X1 4X2 3X2 3X2 09:40 AS 19:00:20 C,TMA 4X1 4X2 3X2 3X2 09:40 AS 19:00:20 C
260,TMA 4X1 4X2 3X2 3X2 19:40 AS 05:00:20 A,TMA 4X1 4X2 3X2 3X2 19:40 AS 05:00:20 A
261,TMA 4X1 4X2 3X2 3X2 19:40 AS 05:00:20 B,TMA 4X1 4X2 3X2 3X2 19:40 AS 05:00:20 B
262,TMA 4X1 4X2 3X2 3X2 19:40 AS 05:00:20 C,TMA 4X1 4X2 3X2 3X2 19:40 AS 05:00:20 C
263,0129PA SEG A SEX 19:40 AS 05:00:40 SEX 04:40,0129PA SEG A SEX 19:40 AS 05:00:40 SEX 04:40
264,0130 SEG A QUIN DAS 05:30 AS 15:00:30 SEX DAS 05:30 AS 14:00:30 H,0130 SEG A QUIN DAS 05:30 AS 15:00:30 SEX DAS 05:30 AS 14:00:30 H
265,0131A ESCALA 4X2 06:00 AS 15:00,0131A ESCALA 4X2 06:00 AS 15:00
266,0132A ESCALA 4X2 14:00 AS 23:00,0132A ESCALA 4X2 14:00 AS 23:00
267,0133A ESCALA 4X2 22:00 AS 07:00,0133A ESCALA 4X2 22:00 AS 07:00
268,0131B ESCALA 4X2 06:00 AS 15:00,0131B ESCALA 4X2 06:00 AS 15:00
269,0131C ESCALA 4X2 06:00 AS 15:00,0131C ESCALA 4X2 06:00 AS 15:00
270,0132B ESCALA 4X2 14:00 AS 23:00,0132B ESCALA 4X2 14:00 AS 23:00
271,0132C ESCALA 4X2 14:00 AS 23:00,0132C ESCALA 4X2 14:00 AS 23:00
272,0133B ESCALA 4X2 22:00 AS 07:00,0133B ESCALA 4X2 22:00 AS 07:00
273,0133C ESCALA 4X2 22:00 AS 07:00,0133C ESCALA 4X2 22:00 AS 07:00
274,SEG A QUI 08:00 AS 18:00 SEX 08:00:00 AS 17:00:00,SEG A QUI 08:00 AS 18:00 SEX 08:00:00 AS 17:00:00
275,PA SEG A QUI 08:00 AS 18:00 SEX 08:00:00 AS 17:00:00,PA SEG A QUI 08:00 AS 18:00 SEX 08:00:00 AS 17:00:00
276,SEG A SEX 08:00 AS 17:00 SAB 08:00:00 AS 12:00:00,SEG A SEX 08:00 AS 17:00 SAB 08:00:00 AS 12:00:00
277,PA SEG A SEX 08:00 AS 17:00 SAB 08:00:00 AS 12:00:00,PA SEG A SEX 08:00 AS 17:00 SAB 08:00:00 AS 12:00:00
278,SEG A SEX 08:00 AS 17:00,SEG A SEX 08:00 AS 17:00
279,PA SEG A SEX 08:00 AS 17:00,PA SEG A SEX 08:00 AS 17:00
280,SEG A SEX 20:00 AS 05:00:48,SEG A SEX 20:00 AS 05:00:48
281,PA SEG A SEX 20:00 AS 05:00:48,PA SEG A SEX 20:00 AS 05:00:48
282,12 X 36 DIURNO,12 X 36 DIURNO
283,PA 12 X 36 DIURNO,PA 12 X 36 DIURNO
284,12 X 36 NOTURNO,12 X 36 NOTURNO
285,PA 12 X 36 NOTURNO,PA 12 X 36 NOTURNO
286,SEG A QUI 12:00 AS 22:00 SEX 12:00 AS 21:00,SEG A QUI 12:00 AS 22:00 SEX 12:00 AS 21:00
287,PA SEG A QUI 12:00 AS 22:00 SEX 12:00 AS 21:00,PA SEG A QUI 12:00 AS 22:00 SEX 12:00 AS 21:00
288,SEG A QUI 10:00 AS 20:00 SEX 10:00 AS 19:00,SEG A QUI 10:00 AS 20:00 SEX 10:00 AS 19:00
289,PA SEG A QUI 10:00 AS 20:00 SEX 10:00 AS 19:00,PA SEG A QUI 10:00 AS 20:00 SEX 10:00 AS 19:00
290,SEG A QUI 09:00 AS 19:00 SEX DAS 09:00 AS 18:00,SEG A QUI 09:00 AS 19:00 SEX DAS 09:00 AS 18:00
291,PA SEG A QUI 09:00 AS 19:00 SEX DAS 09:00 AS 18:00,PA SEG A QUI 09:00 AS 19:00 SEX DAS 09:00 AS 18:00
292,SEG A SAB DAS 08:00 AS 14:00:20,SEG A SAB DAS 08:00 AS 14:00:20
293,PA SEG A SAB DAS 08:00 AS 14:00:20,PA SEG A SAB DAS 08:00 AS 14:00:20
294,SEG A SAB DAS 13:40 AS 20:00,SEG A SAB DAS 13:40 AS 20:00
295,PA SEG A SAB DAS 13:40 AS 20:00,PA SEG A SAB DAS 13:40 AS 20:00
296,SEG A SAB DAS 15:40 AS 22:00,SEG A SAB DAS 15:40 AS 22:00
297,PA SEG A SAB DAS 15:40 AS 22:00,PA SEG A SAB DAS 15:40 AS 22:00
298,SEG A QUI 12:00 AS 22:00 SEX 12:00 AS 21:00,SEG A QUI 12:00 AS 22:00 SEX 12:00 AS 21:00
299,PA SEG A QUI 12:00 AS 22:00 SEX 12:00 AS 21:00,PA SEG A QUI 12:00 AS 22:00 SEX 12:00 AS 21:00
300,SEG A SAB 09:00 AS 15:00:20,SEG A SAB 09:00 AS 15:00:20
301,PA SEG A SAB 09:00 AS 15:00:20,PA SEG A SAB 09:00 AS 15:00:20
302,SEG A SEX 07:30 AS 16:00:30 SAB 08:00 AS 12:00,SEG A SEX 07:30 AS 16:00:30 SAB 08:00 AS 12:00
303,PA SEG A SEX 07:30 AS 16:00:30 SAB 08:00 AS 12:00,PA SEG A SEX 07:30 AS 16:00:30 SAB 08:00 AS 12:00
304,SEG A SAB 07:00 AS 15:00:20,SEG A SAB 07:00 AS 15:00:20
305,PA SEG A SAB 07:00 AS 15:00:20,PA SEG A SAB 07:00 AS 15:00:20
306,SEG A SAB 13:00 AS 21:00:20,SEG A SAB 13:00 AS 21:00:20
307,PA SEG A SAB 13:00 AS 21:00:20,PA SEG A SAB 13:00 AS 21:00:20
308,6X1 5X2 07:00 AS 17:00,6X1 5X2 07:00 AS 17:00
309,PA 6X1 5X2 07:00 AS 17:00,PA 6X1 5X2 07:00 AS 17:00
310,SEG A QUI 14:00 AS 00:00 SEX 14:00 AS 23:00,SEG A QUI 14:00 AS 00:00 SEX 14:00 AS 23:00
311,PA SEG A QUI 14:00 AS 00:00 SEX 14:00 AS 23:00,PA SEG A QUI 14:00 AS 00:00 SEX 14:00 AS 23:00
312,SEG A QUI 22:00 AS 08:00 SEX 22:00 AS 07:00,SEG A QUI 22:00 AS 08:00 SEX 22:00 AS 07:00
313,PA SEG A QUI 22:00 AS 08:00 SEX 22:00 AS 07:00,PA SEG A QUI 22:00 AS 08:00 SEX 22:00 AS 07:00
314,SEG A QUI 20:00 AS 06:00 SEX 20:00 AS 05:00,SEG A QUI 20:00 AS 06:00 SEX 20:00 AS 05:00
315,PA SEG A QUI 20:00 AS 06:00 SEX 20:00 AS 05:00,PA SEG A QUI 20:00 AS 06:00 SEX 20:00 AS 05:00
316,SEG A QUI 21:00 AS 07:00 SEX 21:00 AS 06:00,SEG A QUI 21:00 AS 07:00 SEX 21:00 AS 06:00
317,PA SEG A QUI 21:00 AS 07:00 SEX 21:00 AS 06:00,PA SEG A QUI 21:00 AS 07:00 SEX 21:00 AS 06:00
318,SEG A QUI 07:30 AS 17:00:30 SEX 07:30 AS 16:00:30,SEG A QUI 07:30 AS 17:00:30 SEX 07:30 AS 16:00:30
319,PA SEG A QUI 07:30 AS 17:00:30 SEX 07:30 AS 16:00:30,PA SEG A QUI 07:30 AS 17:00:30 SEX 07:30 AS 16:00:30
320,SEG A QUI 05:00 AS 15:00 SEX 05:00 AS 14:00,SEG A QUI 05:00 AS 15:00 SEX 05:00 AS 14:00
321,PA SEG A QUI 05:00 AS 15:00 SEX 05:00 AS 14:00,PA SEG A QUI 05:00 AS 15:00 SEX 05:00 AS 14:00
322,SEG A SEX 06:00 AS 15:00 SAB 08:00 AS 12:00,SEG A SEX 06:00 AS 15:00 SAB 08:00 AS 12:00
323,PA SEG A SEX 06:00 AS 15:00 SAB 08:00 AS 12:00,PA SEG A SEX 06:00 AS 15:00 SAB 08:00 AS 12:00
324,TER A SEX 10:00 AS 20:00 SAB 10:00 AS 19:00,TER A SEX 10:00 AS 20:00 SAB 10:00 AS 19:00
325,PA TER A SEX 10:00 AS 20:00 SAB 10:00 AS 19:00,PA TER A SEX 10:00 AS 20:00 SAB 10:00 AS 19:00
326,SEG A SEX 07:00 AS 16:00 SAB 07:00:00 AS 11:00:00,SEG A SEX 07:00 AS 16:00 SAB 07:00:00 AS 11:00:00
327,PA SEG A SEX 07:00 AS 16:00 SAB 07:00:00 AS 11:00:00,PA SEG A SEX 07:00 AS 16:00 SAB 07:00:00 AS 11:00:00
328,SEG A QUI 06:30 AS 16:00:30 SEX 06:30 AS 15:00:30,SEG A QUI 06:30 AS 16:00:30 SEX 06:30 AS 15:00:30
329,PA SEG A QUI 06:30 AS 16:00:30 SEX 06:30 AS 15:00:30,PA SEG A QUI 06:30 AS 16:00:30 SEX 06:30 AS 15:00:30
330,SEG A SEX 19:00 AS 05:00,SEG A SEX 19:00 AS 05:00
331,PA SEG A SEX 19:00 AS 05:00,PA SEG A SEX 19:00 AS 05:00
332,12 X 36 TARDE,12 X 36 TARDE
333,PA 12 X 36 TARDE,PA 12 X 36 TARDE
334,TER A SEX 07:00 AS 17:00 SAB 07:00 AS 16:00,TER A SEX 07:00 AS 17:00 SAB 07:00 AS 16:00
335,PA TER A SEX 07:00 AS 17:00 SAB 07:00 AS 16:00,PA TER A SEX 07:00 AS 17:00 SAB 07:00 AS 16:00
336,SEG A QUI 13:00 AS 23:00 SEX 13:00 22:00,SEG A QUI 13:00 AS 23:00 SEX 13:00 22:00
337,PA SEG A QUI 13:00 AS 23:00 SEX 13:00 22:00,PA SEG A QUI 13:00 AS 23:00 SEX 13:00 22:00
338,SEG A SEX 08:00 AS 15:00,SEG A SEX 08:00 AS 15:00
339,PA SEG A SEX 08:00 AS 15:00,PA SEG A SEX 08:00 AS 15:00
340,SEG A SEX 11:00 AS 18:00,SEG A SEX 11:00 AS 18:00
341,PA SEG A SEX 11:00 AS 18:00,PA SEG A SEX 11:00 AS 18:00
342,SEG A SEX 12:00 AS 19:00,SEG A SEX 12:00 AS 19:00
343,PA SEG A SEX 12:00 AS 19:00,PA SEG A SEX 12:00 AS 19:00
344,SEG A SEX 07:00 AS 14:00,SEG A SEX 07:00 AS 14:00
345,PA SEG A SEX 07:00 AS 14:00,PA SEG A SEX 07:00 AS 14:00
346,SEG A SEX 10:00 AS 17:00,SEG A SEX 10:00 AS 17:00
347,PA SEG A SEX 10:00 AS 17:00,PA SEG A SEX 10:00 AS 17:00
348,SEG 07:00 AS 16:00 TER A SEX 07:00 AS 17:00,SEG 07:00 AS 16:00 TER A SEX 07:00 AS 17:00
349,PA SEG 07:00 AS 16:00 TER A SEX 07:00 AS 17:00,PA SEG 07:00 AS 16:00 TER A SEX 07:00 AS 17:00
350,SEG 08:00 AS 17:00 TER A SEX 08:00 AS 18:00,SEG 08:00 AS 17:00 TER A SEX 08:00 AS 18:00
351,PA SEG 08:00 AS 17:00 TER A SEX 08:00 AS 18:00,PA SEG 08:00 AS 17:00 TER A SEX 08:00 AS 18:00
352,SEG A QUI 05:30 AS 15:00:30 SEX 05:30 AS 14:00:30,SEG A QUI 05:30 AS 15:00:30 SEX 05:30 AS 14:00:30
353,PA SEG A QUI 05:30 AS 15:00:30 SEX 05:30 AS 14:00:30,PA SEG A QUI 05:30 AS 15:00:30 SEX 05:30 AS 14:00:30
354,ESCALA 4X2 06:00 AS 15:00 A,ESCALA 4X2 06:00 AS 15:00 A
355,PA ESCALA 4X2 06:00 AS 15:00 A,PA ESCALA 4X2 06:00 AS 15:00 A
356,ESCALA 4X2 06:00 AS 15:00 B,ESCALA 4X2 06:00 AS 15:00 B
357,PA ESCALA 4X2 06:00 AS 15:00 B,PA ESCALA 4X2 06:00 AS 15:00 B
358,ESCALA 4X2 06:00 AS 15:00 C,ESCALA 4X2 06:00 AS 15:00 C
359,PA ESCALA 4X2 06:00 AS 15:00 C,PA ESCALA 4X2 06:00 AS 15:00 C
360,ESCALA 4X2 14:00 AS 23:00 A,ESCALA 4X2 14:00 AS 23:00 A
361,PA ESCALA 4X2 14:00 AS 23:00 A,PA ESCALA 4X2 14:00 AS 23:00 A
362,ESCALA 4X2 14:00 AS 23:00 B,ESCALA 4X2 14:00 AS 23:00 B
363,PA ESCALA 4X2 14:00 AS 23:00 B,PA ESCALA 4X2 14:00 AS 23:00 B
364,ESCALA 4X2 14:00 AS 23:00 C,ESCALA 4X2 14:00 AS 23:00 C
365,PA ESCALA 4X2 14:00 AS 23:00 C,PA ESCALA 4X2 14:00 AS 23:00 C
366,ESCALA 4X2 22:00 AS 07:00 A,ESCALA 4X2 22:00 AS 07:00 A
367,PA ESCALA 4X2 22:00 AS 07:00 A,PA ESCALA 4X2 22:00 AS 07:00 A
368,ESCALA 4X2 22:00 AS 07:00 B,ESCALA 4X2 22:00 AS 07:00 B
369,PA ESCALA 4X2 22:00 AS 07:00 B,PA ESCALA 4X2 22:00 AS 07:00 B
370,ESCALA 4X2 22:00 AS 07:00 C,ESCALA 4X2 22:00 AS 07:00 C
371,PA ESCALA 4X2 22:00 AS 07:00 C,PA ESCALA 4X2 22:00 AS 07:00 C
372,SEG A QUI 06:00 AS 16:00 SEX DAS 06:00 AS 15:00,SEG A QUI 06:00 AS 16:00 SEX DAS 06:00 AS 15:00
373,PA SEG A QUI 06:00 AS 16:00 SEX DAS 06:00 AS 15:00,PA SEG A QUI 06:00 AS 16:00 SEX DAS 06:00 AS 15:00
374,SEG A QUI 18:00 AS 04:00 SEX 18:00 AS 03:00,SEG A QUI 18:00 AS 04:00 SEX 18:00 AS 03:00
375,PA SEG A QUI 18:00 AS 04:00 SEX 18:00 AS 03:00,PA SEG A QUI 18:00 AS 04:00 SEX 18:00 AS 03:00
376,SEG A QUI 16:00 AS 02:00 SEX 16:00 AS 01:00,SEG A QUI 16:00 AS 02:00 SEX 16:00 AS 01:00
377,PA SEG A QUI 16:00 AS 02:00 SEX 16:00 AS 01:00,PA SEG A QUI 16:00 AS 02:00 SEX 16:00 AS 01:00
378,SEG A QUI 07:00 AS 17:00 SEX 07:00:00 AS 16:00:00,SEG A QUI 07:00 AS 17:00 SEX 07:00:00 AS 16:00:00
379,PA SEG A QUI 07:00 AS 17:00 SEX 07:00:00 AS 16:00:00,PA SEG A QUI 07:00 AS 17:00 SEX 07:00:00 AS 16:00:00
380,SEG A SEX 13:00 AS 20:00,SEG A SEX 13:00 AS 20:00
381,ESCALA TMA 4X1 X42 3X2 3X2,ESCALA TMA 4X1 X42 3X2 3X2
382,ESCALA 4X2 NOITE,ESCALA 4X2 NOITE
383,ESCALA 4X2 TARDE,ESCALA 4X2 TARDE
384,ESCALA 4X2 MANHA,ESCALA 4X2 MANHA
385,TER A SEX 12:00 AS 22:00 SAB 12:00 AS 21:00,TER A SEX 12:00 AS 22:00 SAB 12:00 AS 21:00
386,SEG A QUI 08:00 AS 18:00 SEX 08:00:00 AS 17:00:00.,SEG A QUI 08:00 AS 18:00 SEX 08:00:00 AS 17:00:00.
387,SEG A QUI 08:00 AS 18:00 SEX 08:00:00 AS 17:00:00..,SEG A QUI 08:00 AS 18:00 SEX 08:00:00 AS 17:00:00..
388,SEG A QUI 08:00 AS 18:00 SEX 08:00:00 AS 17:00:00...,SEG A QUI 08:00 AS 18:00 SEX 08:00:00 AS 17:00:00...
389,0009 SEG QUI 07:00 AS 17:00 / SEX 07:00 AS 16:00.,0009 SEG QUI 07:00 AS 17:00 / SEX 07:00 AS 16:00.
390,0009 SEG QUI 07:00 AS 17:00 / SEX 07:00 AS 16:00..,0009 SEG QUI 07:00 AS 17:00 / SEX 07:00 AS 16:00..
391,0009 SEG QUI 07:00 AS 17:00 / SEX 07:00 AS 16:00...,0009 SEG QUI 07:00 AS 17:00 / SEX 07:00 AS 16:00...
392,00001 SEG A QUIN 08:00 AS 18:00 SEX 08:00:00 AS 17:00:00.,00001 SEG A QUIN 08:00 AS 18:00 SEX 08:00:00 AS 17:00:00.
393,0002 SEG A SEX 08:00 AS 17:00 E SAB 08:00 AS 12:00.,0002 SEG A SEX 08:00 AS 17:00 E SAB 08:00 AS 12:00.
394,0002 SEG A SEX 08:00 AS 17:00 E SAB 08:00 AS 12:00...,0002 SEG A SEX 08:00 AS 17:00 E SAB 08:00 AS 12:00...
395,0002 SEG A SEX 08:00 AS 17:00 E SAB 08:00 AS 12:00..,0002 SEG A SEX 08:00 AS 17:00 E SAB 08:00 AS 12:00..
396,0003 SEG A SEX 08:00 AS 17:00.....,0003 SEG A SEX 08:00 AS 17:00.....
397,0003 SEG A SEX 08:00 AS 17:00..,0003 SEG A SEX 08:00 AS 17:00..
398,0003 SEG A SEX 08:00 AS 17:00.,0003 SEG A SEX 08:00 AS 17:00.
399,00001 SEG A QUIN 08:00 AS 18:00 SEX 08:00:00 AS 17:00:00..,00001 SEG A QUIN 08:00 AS 18:00 SEX 08:00:00 AS 17:00:00..
400,00001 SEG A QUIN 08:00 AS 18:00 SEX 08:00:00 AS 17:00:00...,00001 SEG A QUIN 08:00 AS 18:00 SEX 08:00:00 AS 17:00:00...
401,0004 SEG A SEX 11:00 AS 20:00 RECIFE.,0004 SEG A SEX 11:00 AS 20:00 RECIFE.
402,0004 SEG A SEX 11:00 AS 20:00 RECIFE..,0004 SEG A SEX 11:00 AS 20:00 RECIFE..
403,0004 SEG A SEX 11:00 AS 20:00 RECIFE...,0004 SEG A SEX 11:00 AS 20:00 RECIFE...
404,00001 SEG A QUIN 08:00 AS 18:00 SEX 08:00:00 AS 17:00:00....,00001 SEG A QUIN 08:00 AS 18:00 SEX 08:00:00 AS 17:00:00....
405,0002 SEG A SEX 08:00 AS 17:00 E SAB 08:00 AS 12:00....,0002 SEG A SEX 08:00 AS 17:00 E SAB 08:00 AS 12:00....
406,0003 SEG A SEX 08:00 AS 17:00....,0003 SEG A SEX 08:00 AS 17:00....
407,0004 SEG A SEX 11:00 AS 20:00 RECIFE....,0004 SEG A SEX 11:00 AS 20:00 RECIFE....
408,0005 SEG A SEX 20:00 AS 05:00:48.,0005 SEG A SEX 20:00 AS 05:00:48.
409,0005 SEG A SEX 20:00 AS 05:00:48..,0005 SEG A SEX 20:00 AS 05:00:48..
410,0005 SEG A SEX 20:00 AS 05:00:48...,0005 SEG A SEX 20:00 AS 05:00:48...
411,0005 SEG A SEX 20:00 AS 05:00:48....,0005 SEG A SEX 20:00 AS 05:00:48....
412,0006 12X36 DIURNO.,0006 12X36 DIURNO.
413,0006 12X36 DIURNO..,0006 12X36 DIURNO..
414,0006 12X36 DIURNO....,0006 12X36 DIURNO....
415,0006 12X36 DIURNO...,0006 12X36 DIURNO...
416,00001 SEG A QUIN 08:00 AS 18:00 SEX 08:00:00 AS 17:00:00.....,00001 SEG A QUIN 08:00 AS 18:00 SEX 08:00:00 AS 17:00:00.....
417,0002 SEG A SEX 08:00 AS 17:00 E SAB 08:00 AS 12:00.....,0002 SEG A SEX 08:00 AS 17:00 E SAB 08:00 AS 12:00.....
418,0003 SEG A SEX 08:00 AS 17:00......,0003 SEG A SEX 08:00 AS 17:00......
419,0004 SEG A SEX 11:00 AS 20:00 RECIFE.....,0004 SEG A SEX 11:00 AS 20:00 RECIFE.....
420,0005 SEG A SEX 20:00 AS 05:00:48.....,0005 SEG A SEX 20:00 AS 05:00:48.....
421,0006 12X36 DIURNO.....,0006 12X36 DIURNO.....
422,0007 12X36 NOTURNO.,0007 12X36 NOTURNO.
423,0007 12X36 NOTURNO..,0007 12X36 NOTURNO..
424,0007 12X36 NOTURNO....,0007 12X36 NOTURNO....
425,0007 12X36 NOTURNO.....,0007 12X36 NOTURNO.....
426,0007 12X36 NOTURNO......,0007 12X36 NOTURNO......
427,0008 SEG A QUI 12:00 AS 22:00 SEX 12:00 AS 21:00.,0008 SEG A QUI 12:00 AS 22:00 SEX 12:00 AS 21:00.
428,0008 SEG A QUI 12:00 AS 22:00 SEX 12:00 AS 21:00..,0008 SEG A QUI 12:00 AS 22:00 SEX 12:00 AS 21:00..
429,0008 SEG A QUI 12:00 AS 22:00 SEX 12:00 AS 21:00...,0008 SEG A QUI 12:00 AS 22:00 SEX 12:00 AS 21:00...
430,0008 SEG A QUI 12:00 AS 22:00 SEX 12:00 AS 21:00....,0008 SEG A QUI 12:00 AS 22:00 SEX 12:00 AS 21:00....
431,0008 SEG A QUI 12:00 AS 22:00 SEX 12:00 AS 21:00.....,0008 SEG A QUI 12:00 AS 22:00 SEX 12:00 AS 21:00.....
432,0009 SEG QUI 07:00 AS 17:00 / SEX 07:00 AS 16:00....,0009 SEG QUI 07:00 AS 17:00 / SEX 07:00 AS 16:00....
433,0009 SEG QUI 07:00 AS 17:00 / SEX 07:00 AS 16:00.....,0009 SEG QUI 07:00 AS 17:00 / SEX 07:00 AS 16:00.....
434,0010 SEG A QUI 10:00 AS 20:00 SEX 10:00 AS 19:00.,0010 SEG A QUI 10:00 AS 20:00 SEX 10:00 AS 19:00.
435,0010 SEG A QUI 10:00 AS 20:00 SEX 10:00 AS 19:00..,0010 SEG A QUI 10:00 AS 20:00 SEX 10:00 AS 19:00..
436,0010 SEG A QUI 10:00 AS 20:00 SEX 10:00 AS 19:00...,0010 SEG A QUI 10:00 AS 20:00 SEX 10:00 AS 19:00...
437,0010 SEG A QUI 10:00 AS 20:00 SEX 10:00 AS 19:00....,0010 SEG A QUI 10:00 AS 20:00 SEX 10:00 AS 19:00....
438,0010 SEG A QUI 10:00 AS 20:00 SEX 10:00 AS 19:00.....,0010 SEG A QUI 10:00 AS 20:00 SEX 10:00 AS 19:00.....
439,0011 SEG A QUI 09:00 AS 19:00 SEX DAS 09:00 AS 18:00.,0011 SEG A QUI 09:00 AS 19:00 SEX DAS 09:00 AS 18:00.
440,0011 SEG A QUI 09:00 AS 19:00 SEX DAS 09:00 AS 18:00..,0011 SEG A QUI 09:00 AS 19:00 SEX DAS 09:00 AS 18:00..
441,0011 SEG A QUI 09:00 AS 19:00 SEX DAS 09:00 AS 18:00...,0011 SEG A QUI 09:00 AS 19:00 SEX DAS 09:00 AS 18:00...
442,0011 SEG A QUI 09:00 AS 19:00 SEX DAS 09:00 AS 18:00....,0011 SEG A QUI 09:00 AS 19:00 SEX DAS 09:00 AS 18:00....
443,0011 SEG A QUI 09:00 AS 19:00 SEX DAS 09:00 AS 18:00.....,0011 SEG A QUI 09:00 AS 19:00 SEX DAS 09:00 AS 18:00.....
444,0012 SEG A SAB DAS 08:00 AS 14:00:20.,0012 SEG A SAB DAS 08:00 AS 14:00:20.
445,0012 SEG A SAB DAS 08:00 AS 14:00:20..,0012 SEG A SAB DAS 08:00 AS 14:00:20..
446,0012 SEG A SAB DAS 08:00 AS 14:00:20...,0012 SEG A SAB DAS 08:00 AS 14:00:20...
447,0012 SEG A SAB DAS 08:00 AS 14:00:20....,0012 SEG A SAB DAS 08:00 AS 14:00:20....
448,0012 SEG A SAB DAS 08:00 AS 14:00:20.....,0012 SEG A SAB DAS 08:00 AS 14:00:20.....
449,0013 SEG A SAB DAS 13:40 AS 20:00.,0013 SEG A SAB DAS 13:40 AS 20:00.
450,0013 SEG A SAB DAS 13:40 AS 20:00..,0013 SEG A SAB DAS 13:40 AS 20:00..
451,0013 SEG A SAB DAS 13:40 AS 20:00...,0013 SEG A SAB DAS 13:40 AS 20:00...
452,0013 SEG A SAB DAS 13:40 AS 20:00....,0013 SEG A SAB DAS 13:40 AS 20:00....
453,0013 SEG A SAB DAS 13:40 AS 20:00.....,0013 SEG A SAB DAS 13:40 AS 20:00.....
454,0014 SEG A SAB DAS 15:40 AS 22:00.,0014 SEG A SAB DAS 15:40 AS 22:00.
455,0014 SEG A SAB DAS 15:40 AS 22:00..,0014 SEG A SAB DAS 15:40 AS 22:00..
456,0014 SEG A SAB DAS 15:40 AS 22:00...,0014 SEG A SAB DAS 15:40 AS 22:00...
457,0014 SEG A SAB DAS 15:40 AS 22:00....,0014 SEG A SAB DAS 15:40 AS 22:00....
458,0014 SEG A SAB DAS 15:40 AS 22:00.....,0014 SEG A SAB DAS 15:40 AS 22:00.....
459,0015 SEG A QUI 06:00 AS 16:00 SEX 06:00 AS 15:00.,0015 SEG A QUI 06:00 AS 16:00 SEX 06:00 AS 15:00.
460,0015 SEG A QUI 06:00 AS 16:00 SEX 06:00 AS 15:00..,0015 SEG A QUI 06:00 AS 16:00 SEX 06:00 AS 15:00..
461,0015 SEG A QUI 06:00 AS 16:00 SEX 06:00 AS 15:00...,0015 SEG A QUI 06:00 AS 16:00 SEX 06:00 AS 15:00...
462,0015 SEG A QUI 06:00 AS 16:00 SEX 06:00 AS 15:00....,0015 SEG A QUI 06:00 AS 16:00 SEX 06:00 AS 15:00....
463,0015 SEG A QUI 06:00 AS 16:00 SEX 06:00 AS 15:00.....,0015 SEG A QUI 06:00 AS 16:00 SEX 06:00 AS 15:00.....
464,0016 SEG A SEX 07:00 AS 17:00.,0016 SEG A SEX 07:00 AS 17:00.
465,0016 SEG A SEX 07:00 AS 17:00..,0016 SEG A SEX 07:00 AS 17:00..
466,0016 SEG A SEX 07:00 AS 17:00...,0016 SEG A SEX 07:00 AS 17:00...
467,0016 SEG A SEX 07:00 AS 17:00....,0016 SEG A SEX 07:00 AS 17:00....
468,0016 SEG A SEX 07:00 AS 17:00.....,0016 SEG A SEX 07:00 AS 17:00.....
469,0017 SEG A SEX DAS 14:00 AS 22:00.,0017 SEG A SEX DAS 14:00 AS 22:00.
470,0017 SEG A SEX DAS 14:00 AS 22:00..,0017 SEG A SEX DAS 14:00 AS 22:00..
471,0017 SEG A SEX DAS 14:00 AS 22:00...,0017 SEG A SEX DAS 14:00 AS 22:00...
472,0017 SEG A SEX DAS 14:00 AS 22:00....,0017 SEG A SEX DAS 14:00 AS 22:00....
473,0017 SEG A SEX DAS 14:00 AS 22:00.....,0017 SEG A SEX DAS 14:00 AS 22:00.....
474,0018 SEG A SEX DAS 22:00 AS 06:00.,0018 SEG A SEX DAS 22:00 AS 06:00.
475,0018 SEG A SEX DAS 22:00 AS 06:00..,0018 SEG A SEX DAS 22:00 AS 06:00..
476,0018 SEG A SEX DAS 22:00 AS 06:00...,0018 SEG A SEX DAS 22:00 AS 06:00...
477,0018 SEG A SEX DAS 22:00 AS 06:00....,0018 SEG A SEX DAS 22:00 AS 06:00....
478,0018 SEG A SEX DAS 22:00 AS 06:00.....,0018 SEG A SEX DAS 22:00 AS 06:00.....
479,0020 SEG A SEX DAS 09:00 AS 16:00.,0020 SEG A SEX DAS 09:00 AS 16:00.
480,0020 SEG A SEX DAS 09:00 AS 16:00..,0020 SEG A SEX DAS 09:00 AS 16:00..
481,0020 SEG A SEX DAS 09:00 AS 16:00...,0020 SEG A SEX DAS 09:00 AS 16:00...
482,0020 SEG A SEX DAS 09:00 AS 16:00....,0020 SEG A SEX DAS 09:00 AS 16:00....
483,0020 SEG A SEX DAS 09:00 AS 16:00.....,0020 SEG A SEX DAS 09:00 AS 16:00.....
484,0021 SEG/QUI 07:00 AS 17:00 HS.,0021 SEG/QUI 07:00 AS 17:00 HS.
485,0021 SEG/QUI 07:00 AS 17:00 HS..,0021 SEG/QUI 07:00 AS 17:00 HS..
486,0021 SEG/QUI 07:00 AS 17:00 HS...,0021 SEG/QUI 07:00 AS 17:00 HS...
487,0021 SEG/QUI 07:00 AS 17:00 HS....,0021 SEG/QUI 07:00 AS 17:00 HS....
488,0021 SEG/QUI 07:00 AS 17:00 HS.....,0021 SEG/QUI 07:00 AS 17:00 HS.....
489,0022 SEG QUI 07:00 AS 17:00 | SEX 07:00 AS 16:00.,0022 SEG QUI 07:00 AS 17:00 | SEX 07:00 AS 16:00.
490,0022 SEG QUI 07:00 AS 17:00 | SEX 07:00 AS 16:00..,0022 SEG QUI 07:00 AS 17:00 | SEX 07:00 AS 16:00..
491,0022 SEG QUI 07:00 AS 17:00 | SEX 07:00 AS 16:00...,0022 SEG QUI 07:00 AS 17:00 | SEX 07:00 AS 16:00...
492,0022 SEG QUI 07:00 AS 17:00 | SEX 07:00 AS 16:00....,0022 SEG QUI 07:00 AS 17:00 | SEX 07:00 AS 16:00....
493,0022 SEG QUI 07:00 AS 17:00 | SEX 07:00 AS 16:00.....,0022 SEG QUI 07:00 AS 17:00 | SEX 07:00 AS 16:00.....
494,0023 SEG A QUIN 12:00 AS 22:00 SEX 12:00 AS 21:00.,0023 SEG A QUIN 12:00 AS 22:00 SEX 12:00 AS 21:00.
495,0023 SEG A QUIN 12:00 AS 22:00 SEX 12:00 AS 21:00..,0023 SEG A QUIN 12:00 AS 22:00 SEX 12:00 AS 21:00..
496,0023 SEG A QUIN 12:00 AS 22:00 SEX 12:00 AS 21:00...,0023 SEG A QUIN 12:00 AS 22:00 SEX 12:00 AS 21:00...
497,0023 SEG A QUIN 12:00 AS 22:00 SEX 12:00 AS 21:00....,0023 SEG A QUIN 12:00 AS 22:00 SEX 12:00 AS 21:00....
498,0023 SEG A QUIN 12:00 AS 22:00 SEX 12:00 AS 21:00.....,0023 SEG A QUIN 12:00 AS 22:00 SEX 12:00 AS 21:00.....
499,0024 SEG A QUIN DAS 06:00 AS 16:00 SEX DAS 06:00 AS 15:00 H.,0024 SEG A QUIN DAS 06:00 AS 16:00 SEX DAS 06:00 AS 15:00 H.
500,0024 SEG A QUIN DAS 06:00 AS 16:00 SEX DAS 06:00 AS 15:00 H..,0024 SEG A QUIN DAS 06:00 AS 16:00 SEX DAS 06:00 AS 15:00 H..
501,0024 SEG A QUIN DAS 06:00 AS 16:00 SEX DAS 06:00 AS 15:00 H...,0024 SEG A QUIN DAS 06:00 AS 16:00 SEX DAS 06:00 AS 15:00 H...
502,0024 SEG A QUIN DAS 06:00 AS 16:00 SEX DAS 06:00 AS 15:00 H....,0024 SEG A QUIN DAS 06:00 AS 16:00 SEX DAS 06:00 AS 15:00 H....
503,0024 SEG A QUIN DAS 06:00 AS 16:00 SEX DAS 06:00 AS 15:00 H.....,0024 SEG A QUIN DAS 06:00 AS 16:00 SEX DAS 06:00 AS 15:00 H.....
504,0025 SEG A SAB 09:00 AS 15:00:20.,0025 SEG A SAB 09:00 AS 15:00:20.
505,0025 SEG A SAB 09:00 AS 15:00:20..,0025 SEG A SAB 09:00 AS 15:00:20..
506,0025 SEG A SAB 09:00 AS 15:00:20...,0025 SEG A SAB 09:00 AS 15:00:20...
507,0025 SEG A SAB 09:00 AS 15:00:20....,0025 SEG A SAB 09:00 AS 15:00:20....
508,0025 SEG A SAB 09:00 AS 15:00:20.....,0025 SEG A SAB 09:00 AS 15:00:20.....
509,0026 7:00 11:00 / 13:00 17:00.,0026 7:00 11:00 / 13:00 17:00.
510,0026 7:00 11:00 / 13:00 17:00..,0026 7:00 11:00 / 13:00 17:00..
511,0026 7:00 11:00 / 13:00 17:00...,0026 7:00 11:00 / 13:00 17:00...
512,0027 SEG A SEX 07:30 AS 16:00:30 SAB 08:00 AS 12:00.,0027 SEG A SEX 07:30 AS 16:00:30 SAB 08:00 AS 12:00.
513,0026 7:00 11:00 / 13:00 17:00....,0026 7:00 11:00 / 13:00 17:00....
514,0027 SEG A SEX 07:30 AS 16:00:30 SAB 08:00 AS 12:00...,0027 SEG A SEX 07:30 AS 16:00:30 SAB 08:00 AS 12:00...
515,0026 7:00 11:00 / 13:00 17:00.....,0026 7:00 11:00 / 13:00 17:00.....
516,0027 SEG A SEX 07:30 AS 16:00:30 SAB 08:00 AS 12:00..,0027 SEG A SEX 07:30 AS 16:00:30 SAB 08:00 AS 12:00..
517,0028 SEG A SEX 07:00 AS 16:00 SAB 08:00 AS 12:00..,0028 SEG A SEX 07:00 AS 16:00 SAB 08:00 AS 12:00..
518,0028 SEG A SEX 07:00 AS 16:00 SAB 08:00 AS 12:00...,0028 SEG A SEX 07:00 AS 16:00 SAB 08:00 AS 12:00...
519,0027 SEG A SEX 07:30 AS 16:00:30 SAB 08:00 AS 12:00....,0027 SEG A SEX 07:30 AS 16:00:30 SAB 08:00 AS 12:00....
520,0028 SEG A SEX 07:00 AS 16:00 SAB 08:00 AS 12:00....,0028 SEG A SEX 07:00 AS 16:00 SAB 08:00 AS 12:00....
521,0050 SEG A QUI 08:40 AS 19:00:40 SEX 08:40 AS 18:00:40 REF 02:00.,0050 SEG A QUI 08:40 AS 19:00:40 SEX 08:40 AS 18:00:40 REF 02:00.
522,0050 SEG A QUI 08:40 AS 19:00:40 SEX 08:40 AS 18:00:40 REF 02:00..,0050 SEG A QUI 08:40 AS 19:00:40 SEX 08:40 AS 18:00:40 REF 02:00..
523,0050 SEG A QUI 08:40 AS 19:00:40 SEX 08:40 AS 18:00:40 REF 02:00...,0050 SEG A QUI 08:40 AS 19:00:40 SEX 08:40 AS 18:00:40 REF 02:00...
524,0050 SEG A QUI 08:40 AS 19:00:40 SEX 08:40 AS 18:00:40 REF 02:00....,0050 SEG A QUI 08:40 AS 19:00:40 SEX 08:40 AS 18:00:40 REF 02:00....
525,0050 SEG A QUI 08:40 AS 19:00:40 SEX 08:40 AS 18:00:40 REF 02:00.....,0050 SEG A QUI 08:40 AS 19:00:40 SEX 08:40 AS 18:00:40 REF 02:00.....
526,0027 SEG A SEX 07:30 AS 16:00:30 SAB 08:00 AS 12:00.....,0027 SEG A SEX 07:30 AS 16:00:30 SAB 08:00 AS 12:00.....
527,0028 SEG A SEX 07:00 AS 16:00 SAB 08:00 AS 12:00.....,0028 SEG A SEX 07:00 AS 16:00 SAB 08:00 AS 12:00.....
528,0029 SEG A SEX 09:00 AS 18:00 SAB 08:00 AS 12:00.,0029 SEG A SEX 09:00 AS 18:00 SAB 08:00 AS 12:00.
529,0029 SEG A SEX 09:00 AS 18:00 SAB 08:00 AS 12:00..,0029 SEG A SEX 09:00 AS 18:00 SAB 08:00 AS 12:00..
530,0028 SEG A SEX 07:00 AS 16:00 SAB 08:00 AS 12:00......,0028 SEG A SEX 07:00 AS 16:00 SAB 08:00 AS 12:00......
531,0029 SEG A SEX 09:00 AS 18:00 SAB 08:00 AS 12:00....,0029 SEG A SEX 09:00 AS 18:00 SAB 08:00 AS 12:00....
532,0051 SEG A SEX 15:00 AS 00:00 SAB 15:00 AS 23:00.,0051 SEG A SEX 15:00 AS 00:00 SAB 15:00 AS 23:00.
533,0051 SEG A SEX 15:00 AS 00:00 SAB 15:00 AS 23:00..,0051 SEG A SEX 15:00 AS 00:00 SAB 15:00 AS 23:00..
534,0051 SEG A SEX 15:00 AS 00:00 SAB 15:00 AS 23:00...,0051 SEG A SEX 15:00 AS 00:00 SAB 15:00 AS 23:00...
535,0051 SEG A SEX 15:00 AS 00:00 SAB 15:00 AS 23:00....,0051 SEG A SEX 15:00 AS 00:00 SAB 15:00 AS 23:00....
536,0051 SEG A SEX 15:00 AS 00:00 SAB 15:00 AS 23:00.....,0051 SEG A SEX 15:00 AS 00:00 SAB 15:00 AS 23:00.....
537,0031 SEG A SEX 13:00 AS 22:00.,0031 SEG A SEX 13:00 AS 22:00.
538,0029 SEG A SEX 09:00 AS 18:00 SAB 08:00 AS 12:00...,0029 SEG A SEX 09:00 AS 18:00 SAB 08:00 AS 12:00...
539,0029 SEG A SEX 09:00 AS 18:00 SAB 08:00 AS 12:00.....,0029 SEG A SEX 09:00 AS 18:00 SAB 08:00 AS 12:00.....
540,0031 SEG A SEX 13:00 AS 22:00..,0031 SEG A SEX 13:00 AS 22:00..
541,0031 SEG A SEX 13:00 AS 22:00...,0031 SEG A SEX 13:00 AS 22:00...
542,0031 SEG A SEX 13:00 AS 22:00....,0031 SEG A SEX 13:00 AS 22:00....
543,0031 SEG A SEX 13:00 AS 22:00.....,0031 SEG A SEX 13:00 AS 22:00.....
544,0032 SEG A SAB 07:00 AS 15:00:20.,0032 SEG A SAB 07:00 AS 15:00:20.
545,0032 SEG A SAB 07:00 AS 15:00:20..,0032 SEG A SAB 07:00 AS 15:00:20..
546,0032 SEG A SAB 07:00 AS 15:00:20...,0032 SEG A SAB 07:00 AS 15:00:20...
547,0032 SEG A SAB 07:00 AS 15:00:20....,0032 SEG A SAB 07:00 AS 15:00:20....
548,0032 SEG A SAB 07:00 AS 15:00:20.....,0032 SEG A SAB 07:00 AS 15:00:20.....
549,0033 SEG A SAB 13 HS AS 21:20.,0033 SEG A SAB 13 HS AS 21:20.
550,0033 SEG A SAB 13 HS AS 21:20..,0033 SEG A SAB 13 HS AS 21:20..
551,0033 SEG A SAB 13 HS AS 21:20...,0033 SEG A SAB 13 HS AS 21:20...
552,0033 SEG A SAB 13 HS AS 21:20....,0033 SEG A SAB 13 HS AS 21:20....
553,0033 SEG A SAB 13 HS AS 21:20.....,0033 SEG A SAB 13 HS AS 21:20.....
554,0034 6X1 5X2 07:00 AS 17:00.,0034 6X1 5X2 07:00 AS 17:00.
555,0034 6X1 5X2 07:00 AS 17:00...,0034 6X1 5X2 07:00 AS 17:00...
556,0034 6X1 5X2 07:00 AS 17:00....,0034 6X1 5X2 07:00 AS 17:00....
557,0034 6X1 5X2 07:00 AS 17:00......,0034 6X1 5X2 07:00 AS 17:00......
558,0034 6X1 5X2 07:00 AS 17:00.....,0034 6X1 5X2 07:00 AS 17:00.....
559,0052 SEG A SEX 16:00 AS 01:00 SAB 16:00 AS 00:00.,0052 SEG A SEX 16:00 AS 01:00 SAB 16:00 AS 00:00.
560,0052 SEG A SEX 16:00 AS 01:00 SAB 16:00 AS 00:00..,0052 SEG A SEX 16:00 AS 01:00 SAB 16:00 AS 00:00..
561,0052 SEG A SEX 16:00 AS 01:00 SAB 16:00 AS 00:00...,0052 SEG A SEX 16:00 AS 01:00 SAB 16:00 AS 00:00...
562,0052 SEG A SEX 16:00 AS 01:00 SAB 16:00 AS 00:00....,0052 SEG A SEX 16:00 AS 01:00 SAB 16:00 AS 00:00....
563,0052 SEG A SEX 16:00 AS 01:00 SAB 16:00 AS 00:00......,0052 SEG A SEX 16:00 AS 01:00 SAB 16:00 AS 00:00......
564,0035 SEG A SEX 14:00 AS 23:00 SAB 14:00 AS 18:00.....,0035 SEG A SEX 14:00 AS 23:00 SAB 14:00 AS 18:00.....
565,0035 SEG A SEX 14:00 AS 23:00 SAB 14:00 AS 18:00....,0035 SEG A SEX 14:00 AS 23:00 SAB 14:00 AS 18:00....
566,0035 SEG A SEX 14:00 AS 23:00 SAB 14:00 AS 18:00...,0035 SEG A SEX 14:00 AS 23:00 SAB 14:00 AS 18:00...
567,0035 SEG A SEX 14:00 AS 23:00 SAB 14:00 AS 18:00..,0035 SEG A SEX 14:00 AS 23:00 SAB 14:00 AS 18:00..
568,0035 SEG A SEX 14:00 AS 23:00 SAB 14:00 AS 18:00.,0035 SEG A SEX 14:00 AS 23:00 SAB 14:00 AS 18:00.
569,0036 SEG A SEX 14:00 AS 23:00 SAB 14:00 AS 19:00.,0036 SEG A SEX 14:00 AS 23:00 SAB 14:00 AS 19:00.
570,0036 SEG A SEX 14:00 AS 23:00 SAB 14:00 AS 19:00..,0036 SEG A SEX 14:00 AS 23:00 SAB 14:00 AS 19:00..
571,0036 SEG A SEX 14:00 AS 23:00 SAB 14:00 AS 19:00...,0036 SEG A SEX 14:00 AS 23:00 SAB 14:00 AS 19:00...
572,0036 SEG A SEX 14:00 AS 23:00 SAB 14:00 AS 19:00....,0036 SEG A SEX 14:00 AS 23:00 SAB 14:00 AS 19:00....
573,0036 SEG A SEX 14:00 AS 23:00 SAB 14:00 AS 19:00.....,0036 SEG A SEX 14:00 AS 23:00 SAB 14:00 AS 19:00.....
574,0037 SEG A QUI 14:00 AS 00:00 E SEX 14:00 AS 23:00.....,0037 SEG A QUI 14:00 AS 00:00 E SEX 14:00 AS 23:00.....
575,0037 SEG A QUI 14:00 AS 00:00 E SEX 14:00 AS 23:00....,0037 SEG A QUI 14:00 AS 00:00 E SEX 14:00 AS 23:00....
576,0037 SEG A QUI 14:00 AS 00:00 E SEX 14:00 AS 23:00......,0037 SEG A QUI 14:00 AS 00:00 E SEX 14:00 AS 23:00......
577,0037 SEG A QUI 14:00 AS 00:00 E SEX 14:00 AS 23:00..,0037 SEG A QUI 14:00 AS 00:00 E SEX 14:00 AS 23:00..
578,0037 SEG A QUI 14:00 AS 00:00 E SEX 14:00 AS 23:00.,0037 SEG A QUI 14:00 AS 00:00 E SEX 14:00 AS 23:00.
579,0038 SEG A QUI 22:00 AS 08:00 E SEX 22:00 AS 07:00.,0038 SEG A QUI 22:00 AS 08:00 E SEX 22:00 AS 07:00.
580,0038 SEG A QUI 22:00 AS 08:00 E SEX 22:00 AS 07:00..,0038 SEG A QUI 22:00 AS 08:00 E SEX 22:00 AS 07:00..
581,0038 SEG A QUI 22:00 AS 08:00 E SEX 22:00 AS 07:00...,0038 SEG A QUI 22:00 AS 08:00 E SEX 22:00 AS 07:00...
582,0038 SEG A QUI 22:00 AS 08:00 E SEX 22:00 AS 07:00....,0038 SEG A QUI 22:00 AS 08:00 E SEX 22:00 AS 07:00....
583,0038 SEG A QUI 22:00 AS 08:00 E SEX 22:00 AS 07:00.....,0038 SEG A QUI 22:00 AS 08:00 E SEX 22:00 AS 07:00.....
584,0039 SEG A SEX 04:30 AS 13:00 E SAB 04:30 AS 11:00.,0039 SEG A SEX 04:30 AS 13:00 E SAB 04:30 AS 11:00.
585,0039 SEG A SEX 04:30 AS 13:00 E SAB 04:30 AS 11:00..,0039 SEG A SEX 04:30 AS 13:00 E SAB 04:30 AS 11:00..
586,0039 SEG A SEX 04:30 AS 13:00 E SAB 04:30 AS 11:00...,0039 SEG A SEX 04:30 AS 13:00 E SAB 04:30 AS 11:00...
587,0039 SEG A SEX 04:30 AS 13:00 E SAB 04:30 AS 11:00....,0039 SEG A SEX 04:30 AS 13:00 E SAB 04:30 AS 11:00....
588,0039 SEG A SEX 04:30 AS 13:00 E SAB 04:30 AS 11:00.....,0039 SEG A SEX 04:30 AS 13:00 E SAB 04:30 AS 11:00.....
589,0041 SEG A QUIN 18:00 AS 04:00 SEX 18:00 AS 03:00.,0041 SEG A QUIN 18:00 AS 04:00 SEX 18:00 AS 03:00.
590,0041 SEG A QUIN 18:00 AS 04:00 SEX 18:00 AS 03:00..,0041 SEG A QUIN 18:00 AS 04:00 SEX 18:00 AS 03:00..
591,0041 SEG A QUIN 18:00 AS 04:00 SEX 18:00 AS 03:00...,0041 SEG A QUIN 18:00 AS 04:00 SEX 18:00 AS 03:00...
592,0041 SEG A QUIN 18:00 AS 04:00 SEX 18:00 AS 03:00....,0041 SEG A QUIN 18:00 AS 04:00 SEX 18:00 AS 03:00....
593,0041 SEG A QUIN 18:00 AS 04:00 SEX 18:00 AS 03:00.....,0041 SEG A QUIN 18:00 AS 04:00 SEX 18:00 AS 03:00.....
594,0042 SEG A QUIN 21:00 AS 07:00 SEX 21:00 AS 06:00.,0042 SEG A QUIN 21:00 AS 07:00 SEX 21:00 AS 06:00.
595,0042 SEG A QUIN 21:00 AS 07:00 SEX 21:00 AS 06:00..,0042 SEG A QUIN 21:00 AS 07:00 SEX 21:00 AS 06:00..
596,0042 SEG A QUIN 21:00 AS 07:00 SEX 21:00 AS 06:00....,0042 SEG A QUIN 21:00 AS 07:00 SEX 21:00 AS 06:00....
597,0042 SEG A QUIN 21:00 AS 07:00 SEX 21:00 AS 06:00...,0042 SEG A QUIN 21:00 AS 07:00 SEX 21:00 AS 06:00...
598,0042 SEG A QUIN 21:00 AS 07:00 SEX 21:00 AS 06:00.....,0042 SEG A QUIN 21:00 AS 07:00 SEX 21:00 AS 06:00.....
599,0053 12X36 DIURNO 07:00 AS 19:00.,0053 12X36 DIURNO 07:00 AS 19:00.
600,0053 12X36 DIURNO 07:00 AS 19:00,0053 12X36 DIURNO 07:00 AS 19:00
601,0053 12X36 DIURNO 07:00 AS 19:00...,0053 12X36 DIURNO 07:00 AS 19:00...
602,0053 12X36 DIURNO 07:00 AS 19:00....,0053 12X36 DIURNO 07:00 AS 19:00....
603,0053 12X36 DIURNO 07:00 AS 19:00.....,0053 12X36 DIURNO 07:00 AS 19:00.....
604,0043 SEG A QUI 07:30 AS 17:00:30 SEX 07:30 AS 16:00:30.,0043 SEG A QUI 07:30 AS 17:00:30 SEX 07:30 AS 16:00:30.
605,0043 SEG A QUI 07:30 AS 17:00:30 SEX 07:30 AS 16:00:30..,0043 SEG A QUI 07:30 AS 17:00:30 SEX 07:30 AS 16:00:30..
606,0043 SEG A QUI 07:30 AS 17:00:30 SEX 07:30 AS 16:00:30...,0043 SEG A QUI 07:30 AS 17:00:30 SEX 07:30 AS 16:00:30...
607,0043 SEG A QUI 07:30 AS 17:00:30 SEX 07:30 AS 16:00:30....,0043 SEG A QUI 07:30 AS 17:00:30 SEX 07:30 AS 16:00:30....
608,0043 SEG A QUI 07:30 AS 17:00:30 SEX 07:30 AS 16:00:30.....,0043 SEG A QUI 07:30 AS 17:00:30 SEX 07:30 AS 16:00:30.....
609,0070 SEG A SEX 09:00 AS 18:00 SAB 09:00 AS 13:00.,0070 SEG A SEX 09:00 AS 18:00 SAB 09:00 AS 13:00.
610,0070 SEG A SEX 09:00 AS 18:00 SAB 09:00 AS 13:00..,0070 SEG A SEX 09:00 AS 18:00 SAB 09:00 AS 13:00..
611,0070 SEG A SEX 09:00 AS 18:00 SAB 09:00 AS 13:00...,0070 SEG A SEX 09:00 AS 18:00 SAB 09:00 AS 13:00...
612,0070 SEG A SEX 09:00 AS 18:00 SAB 09:00 AS 13:00....,0070 SEG A SEX 09:00 AS 18:00 SAB 09:00 AS 13:00....
613,0070 SEG A SEX 09:00 AS 18:00 SAB 09:00 AS 13:00......,0070 SEG A SEX 09:00 AS 18:00 SAB 09:00 AS 13:00......
614,0044 07:00 12:00 / 13:15 17:00.,0044 07:00 12:00 / 13:15 17:00.
615,0044 07:00 12:00 / 13:15 17:00..,0044 07:00 12:00 / 13:15 17:00..
616,0044 07:00 12:00 / 13:15 17:00...,0044 07:00 12:00 / 13:15 17:00...
617,0044 07:00 12:00 / 13:15 17:00.....,0044 07:00 12:00 / 13:15 17:00.....
618,0044 07:00 12:00 / 13:15 17:00....,0044 07:00 12:00 / 13:15 17:00....
619,0090 SEG A SEX DAS 12:00 AS 21:00.,0090 SEG A SEX DAS 12:00 AS 21:00.
620,0090 SEG A SEX DAS 12:00 AS 21:00..,0090 SEG A SEX DAS 12:00 AS 21:00..
621,0090 SEG A SEX DAS 12:00 AS 21:00...,0090 SEG A SEX DAS 12:00 AS 21:00...
622,0090 SEG A SEX DAS 12:00 AS 21:00.....,0090 SEG A SEX DAS 12:00 AS 21:00.....
623,0090 SEG A SEX DAS 12:00 AS 21:00......,0090 SEG A SEX DAS 12:00 AS 21:00......
624,0045 SEG A SAB 15:00 AS 22:00.,0045 SEG A SAB 15:00 AS 22:00.
625,0045 SEG A SAB 15:00 AS 22:00..,0045 SEG A SAB 15:00 AS 22:00..
626,0045 SEG A SAB 15:00 AS 22:00...,0045 SEG A SAB 15:00 AS 22:00...
627,0045 SEG A SAB 15:00 AS 22:00....,0045 SEG A SAB 15:00 AS 22:00....
628,0045 SEG A SAB 15:00 AS 22:00.....,0045 SEG A SAB 15:00 AS 22:00.....
629,0071 12X36 DAS 12:00:00 AS 00:00:00..,0071 12X36 DAS 12:00:00 AS 00:00:00..
630,0071 12X36 DAS 12:00:00 AS 00:00:00...,0071 12X36 DAS 12:00:00 AS 00:00:00...
631,0071 12X36 DAS 12:00:00 AS 00:00:00....,0071 12X36 DAS 12:00:00 AS 00:00:00....
632,0071 12X36 DAS 12:00:00 AS 00:00:00.....,0071 12X36 DAS 12:00:00 AS 00:00:00.....
633,0071 12X36 DAS 12:00:00 AS 00:00:00.......,0071 12X36 DAS 12:00:00 AS 00:00:00.......
634,0046 SEG A QUI 05:00 AS 15:00 SEX 05:00 AS 14:00.,0046 SEG A QUI 05:00 AS 15:00 SEX 05:00 AS 14:00.
635,0046 SEG A QUI 05:00 AS 15:00 SEX 05:00 AS 14:00..,0046 SEG A QUI 05:00 AS 15:00 SEX 05:00 AS 14:00..
636,0046 SEG A QUI 05:00 AS 15:00 SEX 05:00 AS 14:00...,0046 SEG A QUI 05:00 AS 15:00 SEX 05:00 AS 14:00...
637,0046 SEG A QUI 05:00 AS 15:00 SEX 05:00 AS 14:00 ....,0046 SEG A QUI 05:00 AS 15:00 SEX 05:00 AS 14:00 ....
638,0046 SEG A QUI 05:00 AS 15:00 SEX 05:00 AS 14:00.....,0046 SEG A QUI 05:00 AS 15:00 SEX 05:00 AS 14:00.....
639,0072 SEG A QUIN 07:30 AS 18:00 SEX 07:30:00 AS 17:00:00..,0072 SEG A QUIN 07:30 AS 18:00 SEX 07:30:00 AS 17:00:00..
640,0072 SEG A QUIN 07:30 AS 18:00 SEX 07:30:00 AS 17:00:00...,0072 SEG A QUIN 07:30 AS 18:00 SEX 07:30:00 AS 17:00:00...
641,0072 SEG A QUIN 07:30 AS 18:00 SEX 07:30:00 AS 17:00:00....,0072 SEG A QUIN 07:30 AS 18:00 SEX 07:30:00 AS 17:00:00....
642,0072 SEG A QUIN 07:30 AS 18:00 SEX 07:30:00 AS 17:00:00.....,0072 SEG A QUIN 07:30 AS 18:00 SEX 07:30:00 AS 17:00:00.....
643,0072 SEG A QUIN 07:30 AS 18:00 SEX 07:30:00 AS 17:00:00.......,0072 SEG A QUIN 07:30 AS 18:00 SEX 07:30:00 AS 17:00:00.......
644,0102 SEG A SEX 06:00 AS 15:00.,0102 SEG A SEX 06:00 AS 15:00.
645,0102 SEG A SEX 06:00 AS 15:00...,0102 SEG A SEX 06:00 AS 15:00...
646,0102 SEG A SEX 06:00 AS 15:00....,0102 SEG A SEX 06:00 AS 15:00....
647,0102 SEG A SEX 06:00 AS 15:00.....,0102 SEG A SEX 06:00 AS 15:00.....
648,0102 SEG A SEX 06:00 AS 15:00......,0102 SEG A SEX 06:00 AS 15:00......
649,0047 SEG A SEX 06:00 AS 15:00 SAB 08:00 AS 12:00.,0047 SEG A SEX 06:00 AS 15:00 SAB 08:00 AS 12:00.
650,0047 SEG A SEX 06:00 AS 15:00 SAB 08:00 AS 12:00..,0047 SEG A SEX 06:00 AS 15:00 SAB 08:00 AS 12:00..
651,0047 SEG A SEX 06:00 AS 15:00 SAB 08:00 AS 12:00...,0047 SEG A SEX 06:00 AS 15:00 SAB 08:00 AS 12:00...
652,0047 SEG A SEX 06:00 AS 15:00 SAB 08:00 AS 12:00....,0047 SEG A SEX 06:00 AS 15:00 SAB 08:00 AS 12:00....
653,0047 SEG A SEX 06:00 AS 15:00 SAB 08:00 AS 12:00.....,0047 SEG A SEX 06:00 AS 15:00 SAB 08:00 AS 12:00.....
654,0073 12X36 18:00 AS 06:00..,0073 12X36 18:00 AS 06:00..
655,0073 12X36 18:00 AS 06:00...,0073 12X36 18:00 AS 06:00...
656,0073 12X36 18:00 AS 06:00....,0073 12X36 18:00 AS 06:00....
657,0073 12X36 18:00 AS 06:00.....,0073 12X36 18:00 AS 06:00.....
658,0073 12X36 18:00 AS 06:00.......,0073 12X36 18:00 AS 06:00.......
659,0112 SEG A SEX 07:00 AS 16:00..,0112 SEG A SEX 07:00 AS 16:00..
660,0112 SEG A SEX 07:00 AS 16:00...,0112 SEG A SEX 07:00 AS 16:00...
661,0112 SEG A SEX 07:00 AS 16:00.....,0112 SEG A SEX 07:00 AS 16:00.....
662,0112 SEG A SEX 07:00 AS 16:00....,0112 SEG A SEX 07:00 AS 16:00....
663,0112 SEG A SEX 07:00 AS 16:00......,0112 SEG A SEX 07:00 AS 16:00......
664,0048 SEG A QUI 07:00 AS 18:00 SEX 07:00 AS 17:00 ALMOCO 2 HR.,0048 SEG A QUI 07:00 AS 18:00 SEX 07:00 AS 17:00 ALMOCO 2 HR.
665,0048 SEG A QUI 07:00 AS 18:00 SEX 07:00 AS 17:00 ALMOCO 2 HR..,0048 SEG A QUI 07:00 AS 18:00 SEX 07:00 AS 17:00 ALMOCO 2 HR..
666,0048 SEG A QUI 07:00 AS 18:00 SEX 07:00 AS 17:00 ALMOCO 2 HR...,0048 SEG A QUI 07:00 AS 18:00 SEX 07:00 AS 17:00 ALMOCO 2 HR...
667,0048 SEG A QUI 07:00 AS 18:00 SEX 07:00 AS 17:00 ALMOCO 2 HR....,0048 SEG A QUI 07:00 AS 18:00 SEX 07:00 AS 17:00 ALMOCO 2 HR....
668,0048 SEG A QUI 07:00 AS 18:00 SEX 07:00 AS 17:00 ALMOCO 2 HR.....,0048 SEG A QUI 07:00 AS 18:00 SEX 07:00 AS 17:00 ALMOCO 2 HR.....
669,0074 SEG A SEX 05:00 AS 14:00 SAB 05:00 AS 09:00..,0074 SEG A SEX 05:00 AS 14:00 SAB 05:00 AS 09:00..
670,0074 SEG A SEX 05:00 AS 14:00 SAB 05:00 AS 09:00...,0074 SEG A SEX 05:00 AS 14:00 SAB 05:00 AS 09:00...
671,0074 SEG A SEX 05:00 AS 14:00 SAB 05:00 AS 09:00.....,0074 SEG A SEX 05:00 AS 14:00 SAB 05:00 AS 09:00.....
672,0074 SEG A SEX 05:00 AS 14:00 SAB 05:00 AS 09:00.......,0074 SEG A SEX 05:00 AS 14:00 SAB 05:00 AS 09:00.......
673,0054 12X36 NOTURNO 19:00 AS 07:00.,0054 12X36 NOTURNO 19:00 AS 07:00.
674,0074 SEG A SEX 05:00 AS 14:00 SAB 05:00 AS 09:00....,0074 SEG A SEX 05:00 AS 14:00 SAB 05:00 AS 09:00....
675,0054 12X36 NOTURNO 19:00 AS 07:00..,0054 12X36 NOTURNO 19:00 AS 07:00..
676,0054 12X36 NOTURNO 19:00 AS 07:00...,0054 12X36 NOTURNO 19:00 AS 07:00...
677,0054 12X36 NOTURNO 19:00 AS 07:00....,0054 12X36 NOTURNO 19:00 AS 07:00....
678,0054 12X36 NOTURNO 19:00 AS 07:00......,0054 12X36 NOTURNO 19:00 AS 07:00......
679,0049 SEG A SEX 08:00 AS 18:00 SAB 08:00 AS 12:00 ALMOCO 2 HR COPIA.,0049 SEG A SEX 08:00 AS 18:00 SAB 08:00 AS 12:00 ALMOCO 2 HR COPIA.
680,0049 SEG A SEX 08:00 AS 18:00 SAB 08:00 AS 12:00 ALMOCO 2 HR...,0049 SEG A SEX 08:00 AS 18:00 SAB 08:00 AS 12:00 ALMOCO 2 HR...
681,0049 SEG A SEX 08:00 AS 18:00 SAB 08:00 AS 12:00 ALMOCO 2 HR....,0049 SEG A SEX 08:00 AS 18:00 SAB 08:00 AS 12:00 ALMOCO 2 HR....
682,0113 SEG A SEX 08:00 AS 15:00..,0113 SEG A SEX 08:00 AS 15:00..
683,0113 SEG A SEX 08:00 AS 15:00...,0113 SEG A SEX 08:00 AS 15:00...
684,0113 SEG A SEX 08:00 AS 15:00....,0113 SEG A SEX 08:00 AS 15:00....
685,0049 SEG A SEX 08:00 AS 18:00 SAB 08:00 AS 12:00 ALMOCO 2 HR.....,0049 SEG A SEX 08:00 AS 18:00 SAB 08:00 AS 12:00 ALMOCO 2 HR.....
686,0049 SEG A SEX 08:00 AS 18:00 SAB 08:00 AS 12:00 ALMOCO 2 HR......,0049 SEG A SEX 08:00 AS 18:00 SAB 08:00 AS 12:00 ALMOCO 2 HR......
687,0075 TER A SEX 07:00 AS 17:00 SAB 07:00 AS 16:00..,0075 TER A SEX 07:00 AS 17:00 SAB 07:00 AS 16:00..
688,0113 SEG A SEX 08:00 AS 15:00.....,0113 SEG A SEX 08:00 AS 15:00.....
689,0075 TER A SEX 07:00 AS 17:00 SAB 07:00 AS 16:00...,0075 TER A SEX 07:00 AS 17:00 SAB 07:00 AS 16:00...
690,0113 SEG A SEX 08:00 AS 15:00.......,0113 SEG A SEX 08:00 AS 15:00.......
691,0075 TER A SEX 07:00 AS 17:00 SAB 07:00 AS 16:00....,0075 TER A SEX 07:00 AS 17:00 SAB 07:00 AS 16:00....
692,0075 TER A SEX 07:00 AS 17:00 SAB 07:00 AS 16:00.....,0075 TER A SEX 07:00 AS 17:00 SAB 07:00 AS 16:00.....
693,0075 TER A SEX 07:00 AS 17:00 SAB 07:00 AS 16:00.......,0075 TER A SEX 07:00 AS 17:00 SAB 07:00 AS 16:00.......
694,0076 SEG A SEX DAS 05:00 AS 14:00 SAB 07:00 AS 11:00.......,0076 SEG A SEX DAS 05:00 AS 14:00 SAB 07:00 AS 11:00.......
695,0076 SEG A SEX DAS 05:00 AS 14:00 SAB 07:00 AS 11:00.....,0076 SEG A SEX DAS 05:00 AS 14:00 SAB 07:00 AS 11:00.....
696,0076 SEG A SEX DAS 05:00 AS 14:00 SAB 07:00 AS 11:00....,0076 SEG A SEX DAS 05:00 AS 14:00 SAB 07:00 AS 11:00....
697,0076 SEG A SEX DAS 05:00 AS 14:00 SAB 07:00 AS 11:00...,0076 SEG A SEX DAS 05:00 AS 14:00 SAB 07:00 AS 11:00...
698,0076 SEG A SEX DAS 05:00 AS 14:00 SAB 07:00 AS 11:00..,0076 SEG A SEX DAS 05:00 AS 14:00 SAB 07:00 AS 11:00..
699,0114 SEG A SEX 11:00 AS 18:00..,0114 SEG A SEX 11:00 AS 18:00..
700,0114 SEG A SEX 11:00 AS 18:00...,0114 SEG A SEX 11:00 AS 18:00...
701,0114 SEG A SEX 11:00 AS 18:00....,0114 SEG A SEX 11:00 AS 18:00....
702,0114 SEG A SEX 11:00 AS 18:00.....,0114 SEG A SEX 11:00 AS 18:00.....
703,0114 SEG A SEX 11:00 AS 18:00......,0114 SEG A SEX 11:00 AS 18:00......
704,0130 SEG A QUIN DAS 05:30 AS 15:00:30 SEX DAS 05:30. AS 14:30 H,0130 SEG A QUIN DAS 05:30 AS 15:00:30 SEX DAS 05:30. AS 14:30 H
705,0130 SEG A QUIN DAS 05:30 AS 15:00:30 SEX DAS 05:30 AS 14:00:30 H..,0130 SEG A QUIN DAS 05:30 AS 15:00:30 SEX DAS 05:30 AS 14:00:30 H..
706,0077 SEG A QUI DAS 13:00 AS 23:00 SEX 13:00 22:00..,0077 SEG A QUI DAS 13:00 AS 23:00 SEX 13:00 22:00..
707,0077 SEG A QUI DAS 13:00 AS 23:00 SEX 13:00 22:00...,0077 SEG A QUI DAS 13:00 AS 23:00 SEX 13:00 22:00...
708,0115 SEG A SEX 12:00 AS 19:00..,0115 SEG A SEX 12:00 AS 19:00..
709,0115 SEG A SEX 12:00 AS 19:00...,0115 SEG A SEX 12:00 AS 19:00...
710,0115 SEG A SEX 12:00 AS 19:00....,0115 SEG A SEX 12:00 AS 19:00....
711,0115 SEG A SEX 12:00 AS 19:00.....,0115 SEG A SEX 12:00 AS 19:00.....
712,0077 SEG A QUI DAS 13:00 AS 23:00 SEX 13:00 22:00....,0077 SEG A QUI DAS 13:00 AS 23:00 SEX 13:00 22:00....
713,0077 SEG A QUI DAS 13:00 AS 23:00 SEX 13:00 22:00.....,0077 SEG A QUI DAS 13:00 AS 23:00 SEX 13:00 22:00.....
714,0077 SEG A QUI DAS 13:00 AS 23:00 SEX 13:00 22:00.......,0077 SEG A QUI DAS 13:00 AS 23:00 SEX 13:00 22:00.......
715,0115 SEG A SEX 12:00 AS 19:00......,0115 SEG A SEX 12:00 AS 19:00......
716,0130 SEG A QUIN DAS 05:30 AS 15:00:30 SEX DAS 05:30 AS 14:00:30 H...,0130 SEG A QUIN DAS 05:30 AS 15:00:30 SEX DAS 05:30 AS 14:00:30 H...
717,0130 SEG A QUIN DAS 05:30 AS 15:00:30 SEX DAS 05:30 AS 14:00:30 H....,0130 SEG A QUIN DAS 05:30 AS 15:00:30 SEX DAS 05:30 AS 14:00:30 H....
718,0130 SEG A QUIN DAS 05:30 AS 15:00:30 SEX DAS 05:30 AS 14:00:30 H.....,0130 SEG A QUIN DAS 05:30 AS 15:00:30 SEX DAS 05:30 AS 14:00:30 H.....
719,0116 SEG A SEX 07:00 AS 14:00 SEG A SEX 07:00 AS 14:00..,0116 SEG A SEX 07:00 AS 14:00 SEG A SEX 07:00 AS 14:00..
720,0116 SEG A SEX 07:00 AS 14:00...,0116 SEG A SEX 07:00 AS 14:00...
721,0116 SEG A SEX 07:00 AS 14:00.....,0116 SEG A SEX 07:00 AS 14:00.....
722,0116 SEG A SEX 07:00 AS 14:00......,0116 SEG A SEX 07:00 AS 14:00......
723,0116 SEG A SEX 07:00 AS 14:00.......,0116 SEG A SEX 07:00 AS 14:00.......
724,0083 SEG A QUIN 16:00 AS 02:00 SEX 16:00 AS 01:00..,0083 SEG A QUIN 16:00 AS 02:00 SEX 16:00 AS 01:00..
725,0083 SEG A QUIN 16:00 AS 02:00 SEX 16:00 AS 01:00...,0083 SEG A QUIN 16:00 AS 02:00 SEX 16:00 AS 01:00...
726,0083 SEG A QUIN 16:00 AS 02:00 SEX 16:00 AS 01:00....,0083 SEG A QUIN 16:00 AS 02:00 SEX 16:00 AS 01:00....
727,0083 SEG A QUIN 16:00 AS 02:00 SEX 16:00 AS 01:00.....,0083 SEG A QUIN 16:00 AS 02:00 SEX 16:00 AS 01:00.....
728,0083 SEG A QUIN 16:00 AS 02:00 SEX 16:00 AS 01:00.......,0083 SEG A QUIN 16:00 AS 02:00 SEX 16:00 AS 01:00.......
729,0122 10:00 AS 17:00..,0122 10:00 AS 17:00..
730,0122 10:00 AS 17:00...,0122 10:00 AS 17:00...
731,0122 10:00 AS 17:00....,0122 10:00 AS 17:00....
732,0122 10:00 AS 17:00.....,0122 10:00 AS 17:00.....
733,0122 10:00 AS 17:00......,0122 10:00 AS 17:00......
734,0084 12X36 06:00 AS 18:00..,0084 12X36 06:00 AS 18:00..
735,0084 12X36 06:00 AS 18:00...,0084 12X36 06:00 AS 18:00...
736,0084 12X36 06:00 AS 18:00....,0084 12X36 06:00 AS 18:00....
737,0084 12X36 06:00 AS 18:00.....,0084 12X36 06:00 AS 18:00.....
738,0084 12X36 06:00 AS 18:00.......,0084 12X36 06:00 AS 18:00.......
739,0123 SEG 07:00 AS 16:00 / TER SEX 07:00 AS 17:00..,0123 SEG 07:00 AS 16:00 / TER SEX 07:00 AS 17:00..
740,0123 SEG 07:00 AS 16:00 / TER SEX 07:00 AS 17:00...,0123 SEG 07:00 AS 16:00 / TER SEX 07:00 AS 17:00...
741,0123 SEG 07:00 AS 16:00 / TER SEX 07:00 AS 17:00....,0123 SEG 07:00 AS 16:00 / TER SEX 07:00 AS 17:00....
742,0123 SEG 07:00 AS 16:00 / TER SEX 07:00 AS 17:00.....,0123 SEG 07:00 AS 16:00 / TER SEX 07:00 AS 17:00.....
743,0123 SEG 07:00 AS 16:00 / TER SEX 07:00 AS 17:00......,0123 SEG 07:00 AS 16:00 / TER SEX 07:00 AS 17:00......
744,0131A ESCALA 4X2 06:00 AS 15:00.,0131A ESCALA 4X2 06:00 AS 15:00.
745,0131A ESCALA 4X2 06:00 AS 15:00..,0131A ESCALA 4X2 06:00 AS 15:00..
746,0131A ESCALA 4X2 06:00 AS 15:00 COPIA,0131A ESCALA 4X2 06:00 AS 15:00 COPIA
747,0131A ESCALA 4X2 06:00 AS 15:00 COPIA,0131A ESCALA 4X2 06:00 AS 15:00 COPIA
748,0131A ESCALA 4X2 06:00 AS 15:00 COPIA,0131A ESCALA 4X2 06:00 AS 15:00 COPIA
749,0085 SEG A SAB 06:00 AS 14:00:20 C/01:00 COPIA,0085 SEG A SAB 06:00 AS 14:00:20 C/01:00 COPIA
750,0085 SEG A SAB 06:00 AS 14:00:20 C/01:00 COPIA,0085 SEG A SAB 06:00 AS 14:00:20 C/01:00 COPIA
751,0085 SEG A SAB 06:00 AS 14:00:20 C/01:00 COPIA,0085 SEG A SAB 06:00 AS 14:00:20 C/01:00 COPIA
752,0085 SEG A SAB 06:00 AS 14:00:20 C/01:00 COPIA,0085 SEG A SAB 06:00 AS 14:00:20 C/01:00 COPIA
753,0085 SEG A SAB 06:00 AS 14:00:20 C/01:00 COPIA,0085 SEG A SAB 06:00 AS 14:00:20 C/01:00 COPIA
754,0127 SEG 08:00 AS 17:00 TER A SEX 08:00 AS 18:00 COPIA,0127 SEG 08:00 AS 17:00 TER A SEX 08:00 AS 18:00 COPIA
755,0127 SEG 08:00 AS 17:00 TER A SEX 08:00 AS 18:00 COPIA,0127 SEG 08:00 AS 17:00 TER A SEX 08:00 AS 18:00 COPIA
756,0127 SEG 08:00 AS 17:00 TER A SEX 08:00 AS 18:00 COPIA,0127 SEG 08:00 AS 17:00 TER A SEX 08:00 AS 18:00 COPIA
757,0127 SEG 08:00 AS 17:00 TER A SEX 08:00 AS 18:00 COPIA,0127 SEG 08:00 AS 17:00 TER A SEX 08:00 AS 18:00 COPIA
758,0127 SEG 08:00 AS 17:00 TER A SEX 08:00 AS 18:00 COPIA,0127 SEG 08:00 AS 17:00 TER A SEX 08:00 AS 18:00 COPIA
759,0004 SEG A SEX 11:00 AS 20:00 RECIFE,0004 SEG A SEX 11:00 AS 20:00 RECIFE
760,0008 SEG A QUI 12:00 AS 22:00 SEX 12:00 AS 21:00,0008 SEG A QUI 12:00 AS 22:00 SEX 12:00 AS 21:00
761,0010 SEG A QUI 10:00 AS 20:00 SEX 10:00 AS 19:00,0010 SEG A QUI 10:00 AS 20:00 SEX 10:00 AS 19:00
762,0011 SEG A QUI 09:00 AS 19:00 SEX DAS 09:00 AS 18:00,0011 SEG A QUI 09:00 AS 19:00 SEX DAS 09:00 AS 18:00
763,0012 SEG A SAB DAS 08:00 AS 14:00:20,0012 SEG A SAB DAS 08:00 AS 14:00:20
764,0013 SEG A SAB DAS 13:40 AS 20:00,0013 SEG A SAB DAS 13:40 AS 20:00
765,0014 SEG A SAB DAS 15:40 AS 22:00,0014 SEG A SAB DAS 15:40 AS 22:00
766,0015 SEG A QUI 06:00 AS 16:00 SEX 06:00 AS 15:00,0015 SEG A QUI 06:00 AS 16:00 SEX 06:00 AS 15:00
767,0017 SEG A SEX DAS 14:00 AS 22:00,0017 SEG A SEX DAS 14:00 AS 22:00
768,0020 SEG A SEX DAS 09:00 AS 16:00,0020 SEG A SEX DAS 09:00 AS 16:00
769,0023 SEG A QUIN 12:00 AS 22:00 SEX 12:00 AS 21:00,0023 SEG A QUIN 12:00 AS 22:00 SEX 12:00 AS 21:00
770,0024 SEG A QUIN DAS 06:00 AS 16:00 SEX DAS 06:00 AS 15:00 H,0024 SEG A QUIN DAS 06:00 AS 16:00 SEX DAS 06:00 AS 15:00 H
771,0025 SEG A SAB 09:00 AS 15:00:20,0025 SEG A SAB 09:00 AS 15:00:20
772,0027 SEG A SEX 07:30 AS 16:00:30 SAB 08:00 AS 12:00,0027 SEG A SEX 07:30 AS 16:00:30 SAB 08:00 AS 12:00
773,0029 SEG A SEX 09:00 AS 18:00 SAB 08:00 AS 12:00,0029 SEG A SEX 09:00 AS 18:00 SAB 08:00 AS 12:00
774,0032 SEG A SAB 07:00 AS 15:00:20,0032 SEG A SAB 07:00 AS 15:00:20
775,0038 SEG A QUI 22:00 AS 08:00 E SEX 22:00 AS 07:00,0038 SEG A QUI 22:00 AS 08:00 E SEX 22:00 AS 07:00
776,0039 SEG A SEX 04:30 AS 13:00 E SAB 04:30 AS 11:00,0039 SEG A SEX 04:30 AS 13:00 E SAB 04:30 AS 11:00
777,0041 SEG A QUIN 18:00 AS 04:00 SEX 18:00 AS 03:00,0041 SEG A QUIN 18:00 AS 04:00 SEX 18:00 AS 03:00
778,0042 SEG A QUIN 21:00 AS 07:00 SEX 21:00 AS 06:00,0042 SEG A QUIN 21:00 AS 07:00 SEX 21:00 AS 06:00
779,0044 07:00 12:00 / 13:15 17:00,0044 07:00 12:00 / 13:15 17:00
780,0045 SEG A SAB 15:00 AS 22:00,0045 SEG A SAB 15:00 AS 22:00
781,0043 SEG A QUI 07:30 AS 17:00:30 SEX 07:30 AS 16:00:30,0043 SEG A QUI 07:30 AS 17:00:30 SEX 07:30 AS 16:00:30
782,0070 SEG A SEX 09:00 AS 18:00 SAB 09:00 AS 13:00,0070 SEG A SEX 09:00 AS 18:00 SAB 09:00 AS 13:00
783,0072 SEG A QUIN 07:30 AS 18:00 SEX 07:30:00 AS 17:00:00.,0072 SEG A QUIN 07:30 AS 18:00 SEX 07:30:00 AS 17:00:00.
784,0073 12X36 18:00 AS 06:00.,0073 12X36 18:00 AS 06:00.
785,00001 SEG A QUIN 08:00 AS 18:00 SEX 08:00:00 AS 17:00:00,00001 SEG A QUIN 08:00 AS 18:00 SEX 08:00:00 AS 17:00:00
786,0002 SEG A SEX 08:00 AS 17:00 E SAB 08:00 AS 12:00,0002 SEG A SEX 08:00 AS 17:00 E SAB 08:00 AS 12:00
787,0003 SEG A SEX 08:00 AS 17:00,0003 SEG A SEX 08:00 AS 17:00
788,0005 SEG A SEX 20:00 AS 05:00:48,0005 SEG A SEX 20:00 AS 05:00:48
789,0006 12X36 DIURNO,0006 12X36 DIURNO
790,0007 12X36 NOTURNO,0007 12X36 NOTURNO
791,0009 SEG QUI 07:00 AS 17:00 / SEX 07:00 AS 16:00,0009 SEG QUI 07:00 AS 17:00 / SEX 07:00 AS 16:00
792,0016 SEG A SEX 07:00 AS 17:00,0016 SEG A SEX 07:00 AS 17:00
793,0018 SEG A SEX DAS 22:00 AS 06:00,0018 SEG A SEX DAS 22:00 AS 06:00
794,0021 SEG/QUI 07:00 AS 17:00 HS,0021 SEG/QUI 07:00 AS 17:00 HS
795,0022 SEG QUI 07:00 AS 17:00 | SEX 07:00 AS 16:00,0022 SEG QUI 07:00 AS 17:00 | SEX 07:00 AS 16:00
796,0026 7:00 11:00 / 13:00 17:00,0026 7:00 11:00 / 13:00 17:00
797,0028 SEG A SEX 07:00 AS 16:00 SAB 08:00 AS 12:00,0028 SEG A SEX 07:00 AS 16:00 SAB 08:00 AS 12:00
798,0031 SEG A SEX 13:00 AS 22:00,0031 SEG A SEX 13:00 AS 22:00
799,0033 SEG A SAB 13 HS AS 21:20,0033 SEG A SAB 13 HS AS 21:20
800,0034 6X1 5X2 07:00 AS 17:00,0034 6X1 5X2 07:00 AS 17:00
801,0035 SEG A SEX 14:00 AS 23:00 SAB 14:00 AS 18:00,0035 SEG A SEX 14:00 AS 23:00 SAB 14:00 AS 18:00
802,0036 SEG A SEX 14:00 AS 23:00 SAB 14:00 AS 19:00,0036 SEG A SEX 14:00 AS 23:00 SAB 14:00 AS 19:00
803,0037 SEG A QUI 14:00 AS 00:00 E SEX 14:00 AS 23:00,0037 SEG A QUI 14:00 AS 00:00 E SEX 14:00 AS 23:00
804,0046 SEG A QUI 05:00 AS 15:00 SEX 05:00 AS 14:00,0046 SEG A QUI 05:00 AS 15:00 SEX 05:00 AS 14:00
805,0047 SEG A SEX 06:00 AS 15:00 SAB 08:00 AS 12:00,0047 SEG A SEX 06:00 AS 15:00 SAB 08:00 AS 12:00
806,0048 SEG A QUI 07:00 AS 18:00 SEX 07:00 AS 17:00 ALMOCO 2 HR,0048 SEG A QUI 07:00 AS 18:00 SEX 07:00 AS 17:00 ALMOCO 2 HR
807,0049 SEG A SEX 08:00 AS 18:00 SAB 08:00 AS 12:00 ALMOCO 2 HR,0049 SEG A SEX 08:00 AS 18:00 SAB 08:00 AS 12:00 ALMOCO 2 HR
808,0050 SEG A QUI 08:40 AS 19:00:40 SEX 08:40 AS 18:00:40 REF 02:00,0050 SEG A QUI 08:40 AS 19:00:40 SEX 08:40 AS 18:00:40 REF 02:00
809,0051 SEG A SEX 15:00 AS 00:00 SAB 15:00 AS 23:00,0051 SEG A SEX 15:00 AS 00:00 SAB 15:00 AS 23:00
810,0052 SEG A SEX 16:00 AS 01:00 SAB 16:00 AS 00:00,0052 SEG A SEX 16:00 AS 01:00 SAB 16:00 AS 00:00
811,0053 12X36 DIURNO 07:00 AS 19:00,0053 12X36 DIURNO 07:00 AS 19:00
812,0054 12X36 NOTURNO 19:00 AS 07:00,0054 12X36 NOTURNO 19:00 AS 07:00
813,0071 12X36 DAS 12:00:00 AS 00:00:00.,0071 12X36 DAS 12:00:00 AS 00:00:00.
814,0074 SEG A SEX 05:00 AS 14:00 SAB 05:00 AS 09:00.,0074 SEG A SEX 05:00 AS 14:00 SAB 05:00 AS 09:00.
815,0075 TER A SEX 07:00 AS 17:00 SAB 07:00 AS 16:00.,0075 TER A SEX 07:00 AS 17:00 SAB 07:00 AS 16:00.
816,0076 SEG A SEX DAS 05:00 AS 14:00 SAB 07:00 AS 11:00.,0076 SEG A SEX DAS 05:00 AS 14:00 SAB 07:00 AS 11:00.
817,0077 SEG A QUI DAS 13:00 AS 23:00 SEX 13:00 22:00.,0077 SEG A QUI DAS 13:00 AS 23:00 SEX 13:00 22:00.
818,0083 SEG A QUIN 16:00 AS 02:00 SEX 16:00 AS 01:00.,0083 SEG A QUIN 16:00 AS 02:00 SEX 16:00 AS 01:00.
819,0084 12X36 06:00 AS 18:00.,0084 12X36 06:00 AS 18:00.
820,0085 SEG A SAB 06:00 AS 14:00:20 C/01:00.,0085 SEG A SAB 06:00 AS 14:00:20 C/01:00.
821,0090 SEG A SEX DAS 12:00 AS 21:00,0090 SEG A SEX DAS 12:00 AS 21:00
822,0102 SEG A SEX 06:00 AS 15:00,0102 SEG A SEX 06:00 AS 15:00
823,0103PA 12X36 11:00 AS 23:00,0103PA 12X36 11:00 AS 23:00
824,0104PA 12X36 20:00 AS 08:00,0104PA 12X36 20:00 AS 08:00
825,0105PA TER A SEX 09:00 AS 19:00 SAB 09:00 AS 18:00,0105PA TER A SEX 09:00 AS 19:00 SAB 09:00 AS 18:00
826,0107PA SEG A QUI 20:30 AS 06:00:30 E SEX 20:30 AS 05:00:30 COPIA,0107PA SEG A QUI 20:30 AS 06:00:30 E SEX 20:30 AS 05:00:30 COPIA
827,109PA SEG A SEX 12:00 AS 21:00 SAB 09:00 AS 13:00,109PA SEG A SEX 12:00 AS 21:00 SAB 09:00 AS 13:00
828,110 SEG A QUI 16:00 AS 02:00 SEX 16:00 AS 01:00,110 SEG A QUI 16:00 AS 02:00 SEX 16:00 AS 01:00
829,111 SEG A QUIN 18:00 AS 04:00 SEX 18:00 AS 03:00,111 SEG A QUIN 18:00 AS 04:00 SEX 18:00 AS 03:00
830,0112 SEG A SEX 07:00 AS 16:00,0112 SEG A SEX 07:00 AS 16:00
831,0113 SEG A SEX 08:00 AS 15:00,0113 SEG A SEX 08:00 AS 15:00
832,0114 SEG A SEX 11:00 AS 18:00,0114 SEG A SEX 11:00 AS 18:00
833,0115 SEG A SEX 12:00 AS 19:00,0115 SEG A SEX 12:00 AS 19:00
834,0116 SEG A SEX 07:00 AS 14:00,0116 SEG A SEX 07:00 AS 14:00
835,0121PA SEG A QUIN 03:30:00 AS 13:00:30 SEX 03:30:00 AS 12:00:30,0121PA SEG A QUIN 03:30:00 AS 13:00:30 SEX 03:30:00 AS 12:00:30
836,0122 10:00 AS 17:00,0122 10:00 AS 17:00
837,0123PA SEG 07:00 AS 16:00 / TER SEX 07:00 AS 17:00,0123PA SEG 07:00 AS 16:00 / TER SEX 07:00 AS 17:00
838,0123 SEG 07:00 AS 16:00 / TER SEX 07:00 AS 17:00,0123 SEG 07:00 AS 16:00 / TER SEX 07:00 AS 17:00
839,0127(PA) SEG 08:00 AS 17:00 TER A SEX 08:00 AS 18:00,0127(PA) SEG 08:00 AS 17:00 TER A SEX 08:00 AS 18:00
840,0127 SEG 08:00 AS 17:00 TER A SEX 08:00 AS 18:00,0127 SEG 08:00 AS 17:00 TER A SEX 08:00 AS 18:00
841,0129PA SEG A SEX 19:40 AS 05:00:40 SEX 04:40,0129PA SEG A SEX 19:40 AS 05:00:40 SEX 04:40
842,0130 SEG A QUIN DAS 05:30 AS 15:00:30 SEX DAS 05:30 AS 14:00:30 H,0130 SEG A QUIN DAS 05:30 AS 15:00:30 SEX DAS 05:30 AS 14:00:30 H
843,0131A ESCALA 4X2 06:00 AS 15:00,0131A ESCALA 4X2 06:00 AS 15:00
844,0132A ESCALA 4X2 14:00 AS 23:00,0132A ESCALA 4X2 14:00 AS 23:00
845,0133A ESCALA 4X2 22:00 AS 07:00,0133A ESCALA 4X2 22:00 AS 07:00
846,0131B ESCALA 4X2 06:00 AS 15:00,0131B ESCALA 4X2 06:00 AS 15:00
847,0131C ESCALA 4X2 06:00 AS 15:00,0131C ESCALA 4X2 06:00 AS 15:00
848,0132B ESCALA 4X2 14:00 AS 23:00,0132B ESCALA 4X2 14:00 AS 23:00
849,0132C ESCALA 4X2 14:00 AS 23:00,0132C ESCALA 4X2 14:00 AS 23:00
850,0133B ESCALA 4X2 22:00 AS 07:00,0133B ESCALA 4X2 22:00 AS 07:00
851,0133C ESCALA 4X2 22:00 AS 07:00,0133C ESCALA 4X2 22:00 AS 07:00
852,SEG A QUI 08:00 AS 18:00 SEX 08:00:00 AS 17:00:00,SEG A QUI 08:00 AS 18:00 SEX 08:00:00 AS 17:00:00
853,0004 SEG A SEX 11:00 AS 20:00 RECIFE 30,0004 SEG A SEX 11:00 AS 20:00 RECIFE 30
854,0008 SEG A QUI 12:00 AS 22:00 SEX 12:00 AS 21:00 30,0008 SEG A QUI 12:00 AS 22:00 SEX 12:00 AS 21:00 30
855,0010 SEG A QUI 10:00 AS 20:00 SEX 10:00 AS 19:00 30,0010 SEG A QUI 10:00 AS 20:00 SEX 10:00 AS 19:00 30
856,0011 SEG A QUI 09:00 AS 19:00 SEX DAS 09:00 AS 18:00 30,0011 SEG A QUI 09:00 AS 19:00 SEX DAS 09:00 AS 18:00 30
857,0012 SEG A SAB DAS 08:00 AS 14:00:20 30,0012 SEG A SAB DAS 08:00 AS 14:00:20 30
858,0013 SEG A SAB DAS 13:40 AS 20:00 30,0013 SEG A SAB DAS 13:40 AS 20:00 30
859,0014 SEG A SAB DAS 15:40 AS 22:00 30,0014 SEG A SAB DAS 15:40 AS 22:00 30
860,0015 SEG A QUI 06:00 AS 16:00 SEX 06:00 AS 15:00 30,0015 SEG A QUI 06:00 AS 16:00 SEX 06:00 AS 15:00 30
861,0017 SEG A SEX DAS 14:00 AS 22:00 30,0017 SEG A SEX DAS 14:00 AS 22:00 30
862,0020 SEG A SEX DAS 09:00 AS 16:00 30,0020 SEG A SEX DAS 09:00 AS 16:00 30
863,0023 SEG A QUIN 12:00 AS 22:00 SEX 12:00 AS 21:00 30,0023 SEG A QUIN 12:00 AS 22:00 SEX 12:00 AS 21:00 30
864,0024 SEG A QUIN DAS 06:00 AS 16:00 SEX DAS 06:00 AS 15:00 H 30,0024 SEG A QUIN DAS 06:00 AS 16:00 SEX DAS 06:00 AS 15:00 H 30
865,0025 SEG A SAB 09:00 AS 15:00:20 30,0025 SEG A SAB 09:00 AS 15:00:20 30
866,0027 SEG A SEX 07:30 AS 16:00:30 SAB 08:00 AS 12:00 30,0027 SEG A SEX 07:30 AS 16:00:30 SAB 08:00 AS 12:00 30
867,0029 SEG A SEX 09:00 AS 18:00 SAB 08:00 AS 12:00 30,0029 SEG A SEX 09:00 AS 18:00 SAB 08:00 AS 12:00 30
868,0032 SEG A SAB 07:00 AS 15:00:20 30,0032 SEG A SAB 07:00 AS 15:00:20 30
869,0038 SEG A QUI 22:00 AS 08:00 E SEX 22:00 AS 07:00 30,0038 SEG A QUI 22:00 AS 08:00 E SEX 22:00 AS 07:00 30
870,0039 SEG A SEX 04:30 AS 13:00 E SAB 04:30 AS 11:00 30,0039 SEG A SEX 04:30 AS 13:00 E SAB 04:30 AS 11:00 30
871,0041 SEG A QUIN 18:00 AS 04:00 SEX 18:00 AS 03:00 30,0041 SEG A QUIN 18:00 AS 04:00 SEX 18:00 AS 03:00 30
872,0042 SEG A QUIN 21:00 AS 07:00 SEX 21:00 AS 06:00 30,0042 SEG A QUIN 21:00 AS 07:00 SEX 21:00 AS 06:00 30
873,0044 07:00 12:00 / 13:15 17:00 30,0044 07:00 12:00 / 13:15 17:00 30
874,0045 SEG A SAB 15:00 AS 22:00 30,0045 SEG A SAB 15:00 AS 22:00 30
875,0043 SEG A QUI 07:30 AS 17:00:30 SEX 07:30 AS 16:00:30 30,0043 SEG A QUI 07:30 AS 17:00:30 SEX 07:30 AS 16:00:30 30
876,0070 SEG A SEX 09:00 AS 18:00 SAB 09:00 AS 13:00 30,0070 SEG A SEX 09:00 AS 18:00 SAB 09:00 AS 13:00 30
877,0072 SEG A QUIN 07:30 AS 18:00 SEX 07:30:00 AS 17:00:00. 30,0072 SEG A QUIN 07:30 AS 18:00 SEX 07:30:00 AS 17:00:00. 30
878,0073 12X36 18:00 AS 06:00. 30,0073 12X36 18:00 AS 06:00. 30
879,00001 SEG A QUIN 08:00 AS 18:00 SEX 08:00:00 AS 17:00:00 30,00001 SEG A QUIN 08:00 AS 18:00 SEX 08:00:00 AS 17:00:00 30
880,0002 SEG A SEX 08:00 AS 17:00 E SAB 08:00 AS 12:00 30,0002 SEG A SEX 08:00 AS 17:00 E SAB 08:00 AS 12:00 30
881,0003 SEG A SEX 08:00 AS 17:00 30,0003 SEG A SEX 08:00 AS 17:00 30
882,0005 SEG A SEX 20:00 AS 05:00:48 30,0005 SEG A SEX 20:00 AS 05:00:48 30
883,0006 12X36 DIURNO 30,0006 12X36 DIURNO 30
884,0007 12X36 NOTURNO 30,0007 12X36 NOTURNO 30
885,0009 SEG QUI 07:00 AS 17:00 / SEX 07:00 AS 16:00 30,0009 SEG QUI 07:00 AS 17:00 / SEX 07:00 AS 16:00 30
886,0016 SEG A SEX 07:00 AS 17:00 30,0016 SEG A SEX 07:00 AS 17:00 30
887,0018 SEG A SEX DAS 22:00 AS 06:00 30,0018 SEG A SEX DAS 22:00 AS 06:00 30
888,0021 SEG/QUI 07:00 AS 17:00 HS 30,0021 SEG/QUI 07:00 AS 17:00 HS 30
889,0022 SEG QUI 07:00 AS 17:00 | SEX 07:00 AS 16:00 30,0022 SEG QUI 07:00 AS 17:00 | SEX 07:00 AS 16:00 30
890,0026 7:00 11:00 / 13:00 17:00 30,0026 7:00 11:00 / 13:00 17:00 30
891,0028 SEG A SEX 07:00 AS 16:00 SAB 08:00 AS 12:00 30,0028 SEG A SEX 07:00 AS 16:00 SAB 08:00 AS 12:00 30
892,0031 SEG A SEX 13:00 AS 22:00 30,0031 SEG A SEX 13:00 AS 22:00 30
893,0033 SEG A SAB 13 HS AS 21:20 30,0033 SEG A SAB 13 HS AS 21:20 30
894,0034 6X1 5X2 07:00 AS 17:00 30,0034 6X1 5X2 07:00 AS 17:00 30
895,0035 SEG A SEX 14:00 AS 23:00 SAB 14:00 AS 18:00 30,0035 SEG A SEX 14:00 AS 23:00 SAB 14:00 AS 18:00 30
896,0036 SEG A SEX 14:00 AS 23:00 SAB 14:00 AS 19:00 30,0036 SEG A SEX 14:00 AS 23:00 SAB 14:00 AS 19:00 30
897,0037 SEG A QUI 14:00 AS 00:00 E SEX 14:00 AS 23:00 30,0037 SEG A QUI 14:00 AS 00:00 E SEX 14:00 AS 23:00 30
898,0046 SEG A QUI 05:00 AS 15:00 SEX 05:00 AS 14:00 30,0046 SEG A QUI 05:00 AS 15:00 SEX 05:00 AS 14:00 30
899,0047 SEG A SEX 06:00 AS 15:00 SAB 08:00 AS 12:00 30,0047 SEG A SEX 06:00 AS 15:00 SAB 08:00 AS 12:00 30
900,0048 SEG A QUI 07:00 AS 18:00 SEX 07:00 AS 17:00 ALMOCO 2 HR 30,0048 SEG A QUI 07:00 AS 18:00 SEX 07:00 AS 17:00 ALMOCO 2 HR 30
901,0049 SEG A SEX 08:00 AS 18:00 SAB 08:00 AS 12:00 ALMOCO 2 HR 30,0049 SEG A SEX 08:00 AS 18:00 SAB 08:00 AS 12:00 ALMOCO 2 HR 30
902,0050 SEG A QUI 08:40 AS 19:00:40 SEX 08:40 AS 18:00:40 REF 02:00 30,0050 SEG A QUI 08:40 AS 19:00:40 SEX 08:40 AS 18:00:40 REF 02:00 30
903,0051 SEG A SEX 15:00 AS 00:00 SAB 15:00 AS 23:00 30,0051 SEG A SEX 15:00 AS 00:00 SAB 15:00 AS 23:00 30
904,0052 SEG A SEX 16:00 AS 01:00 SAB 16:00 AS 00:00 30,0052 SEG A SEX 16:00 AS 01:00 SAB 16:00 AS 00:00 30
905,0053 12X36 DIURNO 07:00 AS 19:00 30,0053 12X36 DIURNO 07:00 AS 19:00 30
906,0054 12X36 NOTURNO 19:00 AS 07:00 30,0054 12X36 NOTURNO 19:00 AS 07:00 30
907,0071 12X36 DAS 12:00:00 AS 00:00:00. 30,0071 12X36 DAS 12:00:00 AS 00:00:00. 30
908,0074 SEG A SEX 05:00 AS 14:00 SAB 05:00 AS 09:00. 30,0074 SEG A SEX 05:00 AS 14:00 SAB 05:00 AS 09:00. 30
909,0075 TER A SEX 07:00 AS 17:00 SAB 07:00 AS 16:00. 30,0075 TER A SEX 07:00 AS 17:00 SAB 07:00 AS 16:00. 30
910,0076 SEG A SEX DAS 05:00 AS 14:00 SAB 07:00 AS 11:00. 30,0076 SEG A SEX DAS 05:00 AS 14:00 SAB 07:00 AS 11:00. 30
911,0077 SEG A QUI DAS 13:00 AS 23:00 SEX 13:00 22:00. 30,0077 SEG A QUI DAS 13:00 AS 23:00 SEX 13:00 22:00. 30
912,0083 SEG A QUIN 16:00 AS 02:00 SEX 16:00 AS 01:00. 30,0083 SEG A QUIN 16:00 AS 02:00 SEX 16:00 AS 01:00. 30
913,0084 12X36 06:00 AS 18:00. 30,0084 12X36 06:00 AS 18:00. 30
914,0085 SEG A SAB 06:00 AS 14:00:20 C/01:00. 30,0085 SEG A SAB 06:00 AS 14:00:20 C/01:00. 30
915,0090 SEG A SEX DAS 12:00 AS 21:00 30,0090 SEG A SEX DAS 12:00 AS 21:00 30
916,0102 SEG A SEX 06:00 AS 15:00 30,0102 SEG A SEX 06:00 AS 15:00 30
917,0103PA 12X36 11:00 AS 23:00 30,0103PA 12X36 11:00 AS 23:00 30
918,0104PA 12X36 20:00 AS 08:00 30,0104PA 12X36 20:00 AS 08:00 30
919,0105PA TER A SEX 09:00 AS 19:00 SAB 09:00 AS 18:00 30,0105PA TER A SEX 09:00 AS 19:00 SAB 09:00 AS 18:00 30
920,0107PA SEG A QUI 20:30 AS 06:00:30 E SEX 20:30 AS 05:00:30 COPIA 30,0107PA SEG A QUI 20:30 AS 06:00:30 E SEX 20:30 AS 05:00:30 COPIA 30
921,109PA SEG A SEX 12:00 AS 21:00 SAB 09:00 AS 13:00 30,109PA SEG A SEX 12:00 AS 21:00 SAB 09:00 AS 13:00 30
922,110 SEG A QUI 16:00 AS 02:00 SEX 16:00 AS 01:00 30,110 SEG A QUI 16:00 AS 02:00 SEX 16:00 AS 01:00 30
923,111 SEG A QUIN 18:00 AS 04:00 SEX 18:00 AS 03:00 30,111 SEG A QUIN 18:00 AS 04:00 SEX 18:00 AS 03:00 30
924,0112 SEG A SEX 07:00 AS 16:00 30,0112 SEG A SEX 07:00 AS 16:00 30
925,0113 SEG A SEX 08:00 AS 15:00 30,0113 SEG A SEX 08:00 AS 15:00 30
926,0114 SEG A SEX 11:00 AS 18:00 30,0114 SEG A SEX 11:00 AS 18:00 30
927,0115 SEG A SEX 12:00 AS 19:00 30,0115 SEG A SEX 12:00 AS 19:00 30
928,0116 SEG A SEX 07:00 AS 14:00 30,0116 SEG A SEX 07:00 AS 14:00 30
929,0121PA SEG A QUIN 03:30:00 AS 13:00:30 SEX 03:30:00 AS 12:00:30 30,0121PA SEG A QUIN 03:30:00 AS 13:00:30 SEX 03:30:00 AS 12:00:30 30
930,0122 10:00 AS 17:00 30,0122 10:00 AS 17:00 30
931,0123PA SEG 07:00 AS 16:00 / TER SEX 07:00 AS 17:00 30,0123PA SEG 07:00 AS 16:00 / TER SEX 07:00 AS 17:00 30
932,0123 SEG 07:00 AS 16:00 / TER SEX 07:00 AS 17:00 30,0123 SEG 07:00 AS 16:00 / TER SEX 07:00 AS 17:00 30
933,0127(PA) SEG 08:00 AS 17:00 TER A SEX 08:00 AS 18:00 30,0127(PA) SEG 08:00 AS 17:00 TER A SEX 08:00 AS 18:00 30
934,0127 SEG 08:00 AS 17:00 TER A SEX 08:00 AS 18:00 30,0127 SEG 08:00 AS 17:00 TER A SEX 08:00 AS 18:00 30
935,0129PA SEG A SEX 19:40 AS 05:00:40 SEX 04:40 30,0129PA SEG A SEX 19:40 AS 05:00:40 SEX 04:40 30
936,0130 SEG A QUIN DAS 05:30 AS 15:00:30 SEX DAS 05:30 AS 14:00:30 H 30,0130 SEG A QUIN DAS 05:30 AS 15:00:30 SEX DAS 05:30 AS 14:00:30 H 30
937,0131A ESCALA 4X2 06:00 AS 15:00 30,0131A ESCALA 4X2 06:00 AS 15:00 30
938,0132A ESCALA 4X2 14:00 AS 23:00 30,0132A ESCALA 4X2 14:00 AS 23:00 30
939,0133A ESCALA 4X2 22:00 AS 07:00 30,0133A ESCALA 4X2 22:00 AS 07:00 30
940,0131B ESCALA 4X2 06:00 AS 15:00 30,0131B ESCALA 4X2 06:00 AS 15:00 30
941,0131C ESCALA 4X2 06:00 AS 15:00 30,0131C ESCALA 4X2 06:00 AS 15:00 30
942,0132B ESCALA 4X2 14:00 AS 23:00 30,0132B ESCALA 4X2 14:00 AS 23:00 30
943,0132C ESCALA 4X2 14:00 AS 23:00 30,0132C ESCALA 4X2 14:00 AS 23:00 30
944,0133B ESCALA 4X2 22:00 AS 07:00 30,0133B ESCALA 4X2 22:00 AS 07:00 30
945,0133C ESCALA 4X2 22:00 AS 07:00 30,0133C ESCALA 4X2 22:00 AS 07:00 30
946,SEG A QUI 08:00 AS 18:00 SEX 08:00:00 AS 17:00:00 30,SEG A QUI 08:00 AS 18:00 SEX 08:00:00 AS 17:00:00 30
947,0004 SEG A SEX 11:00 AS 20:00 RECIFE - 33,0004 SEG A SEX 11:00 AS 20:00 RECIFE - 33
948,0008 SEG A QUI 12:00 AS 22:00 SEX 12:00 AS 21:00 - 33,0008 SEG A QUI 12:00 AS 22:00 SEX 12:00 AS 21:00 - 33
949,0010 SEG A QUI 10:00 AS 20:00 SEX 10:00 AS 19:00 - 33,0010 SEG A QUI 10:00 AS 20:00 SEX 10:00 AS 19:00 - 33
950,0011 SEG A QUI 09:00 AS 19:00 SEX DAS 09:00 AS 18:00 - 33,0011 SEG A QUI 09:00 AS 19:00 SEX DAS 09:00 AS 18:00 - 33
951,0012 SEG A SAB DAS 08:00 AS 14:00:20 - 33,0012 SEG A SAB DAS 08:00 AS 14:00:20 - 33
952,0013 SEG A SAB DAS 13:40 AS 20:00 - 33,0013 SEG A SAB DAS 13:40 AS 20:00 - 33
953,0014 SEG A SAB DAS 15:40 AS 22:00 - 33,0014 SEG A SAB DAS 15:40 AS 22:00 - 33
954,0015 SEG A QUI 06:00 AS 16:00 SEX 06:00 AS 15:00 - 33,0015 SEG A QUI 06:00 AS 16:00 SEX 06:00 AS 15:00 - 33
955,0017 SEG A SEX DAS 14:00 AS 22:00 - 33,0017 SEG A SEX DAS 14:00 AS 22:00 - 33
956,0020 SEG A SEX DAS 09:00 AS 16:00 - 33,0020 SEG A SEX DAS 09:00 AS 16:00 - 33
957,0023 SEG A QUIN 12:00 AS 22:00 SEX 12:00 AS 21:00 - 33,0023 SEG A QUIN 12:00 AS 22:00 SEX 12:00 AS 21:00 - 33
958,0024 SEG A QUIN DAS 06:00 AS 16:00 SEX DAS 06:00 AS 15:00 H - 33,0024 SEG A QUIN DAS 06:00 AS 16:00 SEX DAS 06:00 AS 15:00 H - 33
959,0025 SEG A SAB 09:00 AS 15:00:20 - 33,0025 SEG A SAB 09:00 AS 15:00:20 - 33
960,0027 SEG A SEX 07:30 AS 16:00:30 SAB 08:00 AS 12:00 - 33,0027 SEG A SEX 07:30 AS 16:00:30 SAB 08:00 AS 12:00 - 33
961,0029 SEG A SEX 09:00 AS 18:00 SAB 08:00 AS 12:00 - 33,0029 SEG A SEX 09:00 AS 18:00 SAB 08:00 AS 12:00 - 33
962,0032 SEG A SAB 07:00 AS 15:00:20 - 33,0032 SEG A SAB 07:00 AS 15:00:20 - 33
963,0038 SEG A QUI 22:00 AS 08:00 E SEX 22:00 AS 07:00 - 33,0038 SEG A QUI 22:00 AS 08:00 E SEX 22:00 AS 07:00 - 33
964,0039 SEG A SEX 04:30 AS 13:00 E SAB 04:30 AS 11:00 - 33,0039 SEG A SEX 04:30 AS 13:00 E SAB 04:30 AS 11:00 - 33
965,0041 SEG A QUIN 18:00 AS 04:00 SEX 18:00 AS 03:00 - 33,0041 SEG A QUIN 18:00 AS 04:00 SEX 18:00 AS 03:00 - 33
966,0042 SEG A QUIN 21:00 AS 07:00 SEX 21:00 AS 06:00 - 33,0042 SEG A QUIN 21:00 AS 07:00 SEX 21:00 AS 06:00 - 33
967,0044 07:00 12:00 / 13:15 17:00 - 33,0044 07:00 12:00 / 13:15 17:00 - 33
968,0045 SEG A SAB 15:00 AS 22:00 - 33,0045 SEG A SAB 15:00 AS 22:00 - 33
969,0043 SEG A QUI 07:30 AS 17:00:30 SEX 07:30 AS 16:00:30 - 33,0043 SEG A QUI 07:30 AS 17:00:30 SEX 07:30 AS 16:00:30 - 33
970,0070 SEG A SEX 09:00 AS 18:00 SAB 09:00 AS 13:00 - 33,0070 SEG A SEX 09:00 AS 18:00 SAB 09:00 AS 13:00 - 33
971,0072 SEG A QUIN 07:30 AS 18:00 SEX 07:30:00 AS 17:00:00. - 33,0072 SEG A QUIN 07:30 AS 18:00 SEX 07:30:00 AS 17:00:00. - 33
972,0073 12X36 18:00 AS 06:00. - 33,0073 12X36 18:00 AS 06:00. - 33
973,00001 SEG A QUIN 08:00 AS 18:00 SEX 08:00:00 AS 17:00:00 - 33,00001 SEG A QUIN 08:00 AS 18:00 SEX 08:00:00 AS 17:00:00 - 33
974,0002 SEG A SEX 08:00 AS 17:00 E SAB 08:00 AS 12:00 - 33,0002 SEG A SEX 08:00 AS 17:00 E SAB 08:00 AS 12:00 - 33
975,0003 SEG A SEX 08:00 AS 17:00 - 33,0003 SEG A SEX 08:00 AS 17:00 - 33
976,0005 SEG A SEX 20:00 AS 05:00:48 - 33,0005 SEG A SEX 20:00 AS 05:00:48 - 33
977,0006 12X36 DIURNO - 33,0006 12X36 DIURNO - 33
978,0007 12X36 NOTURNO - 33,0007 12X36 NOTURNO - 33
979,0009 SEG QUI 07:00 AS 17:00 / SEX 07:00 AS 16:00 - 33,0009 SEG QUI 07:00 AS 17:00 / SEX 07:00 AS 16:00 - 33
980,0016 SEG A SEX 07:00 AS 17:00 - 33,0016 SEG A SEX 07:00 AS 17:00 - 33
981,0018 SEG A SEX DAS 22:00 AS 06:00 - 33,0018 SEG A SEX DAS 22:00 AS 06:00 - 33
982,0021 SEG/QUI 07:00 AS 17:00 HS - 33,0021 SEG/QUI 07:00 AS 17:00 HS - 33
983,0022 SEG QUI 07:00 AS 17:00 | SEX 07:00 AS 16:00 - 33,0022 SEG QUI 07:00 AS 17:00 | SEX 07:00 AS 16:00 - 33
984,0026 7:00 11:00 / 13:00 17:00 - 33,0026 7:00 11:00 / 13:00 17:00 - 33
985,0028 SEG A SEX 07:00 AS 16:00 SAB 08:00 AS 12:00 - 33,0028 SEG A SEX 07:00 AS 16:00 SAB 08:00 AS 12:00 - 33
986,0031 SEG A SEX 13:00 AS 22:00 - 33,0031 SEG A SEX 13:00 AS 22:00 - 33
987,0033 SEG A SAB 13 HS AS 21:20 - 33,0033 SEG A SAB 13 HS AS 21:20 - 33
988,0034 6X1 5X2 07:00 AS 17:00 - 33,0034 6X1 5X2 07:00 AS 17:00 - 33
989,0035 SEG A SEX 14:00 AS 23:00 SAB 14:00 AS 18:00 - 33,0035 SEG A SEX 14:00 AS 23:00 SAB 14:00 AS 18:00 - 33
990,0036 SEG A SEX 14:00 AS 23:00 SAB 14:00 AS 19:00 - 33,0036 SEG A SEX 14:00 AS 23:00 SAB 14:00 AS 19:00 - 33
991,0037 SEG A QUI 14:00 AS 00:00 E SEX 14:00 AS 23:00 - 33,0037 SEG A QUI 14:00 AS 00:00 E SEX 14:00 AS 23:00 - 33
992,0046 SEG A QUI 05:00 AS 15:00 SEX 05:00 AS 14:00 - 33,0046 SEG A QUI 05:00 AS 15:00 SEX 05:00 AS 14:00 - 33
993,0047 SEG A SEX 06:00 AS 15:00 SAB 08:00 AS 12:00 - 33,0047 SEG A SEX 06:00 AS 15:00 SAB 08:00 AS 12:00 - 33
994,0048 SEG A QUI 07:00 AS 18:00 SEX 07:00 AS 17:00 ALMOCO 2 HR - 33,0048 SEG A QUI 07:00 AS 18:00 SEX 07:00 AS 17:00 ALMOCO 2 HR - 33
995,0049 SEG A SEX 08:00 AS 18:00 SAB 08:00 AS 12:00 ALMOCO 2 HR - 33,0049 SEG A SEX 08:00 AS 18:00 SAB 08:00 AS 12:00 ALMOCO 2 HR - 33
996,0050 SEG A QUI 08:40 AS 19:00:40 SEX 08:40 AS 18:00:40 REF 02:00 - 33,0050 SEG A QUI 08:40 AS 19:00:40 SEX 08:40 AS 18:00:40 REF 02:00 - 33
997,0051 SEG A SEX 15:00 AS 00:00 SAB 15:00 AS 23:00 - 33,0051 SEG A SEX 15:00 AS 00:00 SAB 15:00 AS 23:00 - 33
998,0052 SEG A SEX 16:00 AS 01:00 SAB 16:00 AS 00:00 - 33,0052 SEG A SEX 16:00 AS 01:00 SAB 16:00 AS 00:00 - 33
999,0053 12X36 DIURNO 07:00 AS 19:00 - 33,0053 12X36 DIURNO 07:00 AS 19:00 - 33
1000,0054 12X36 NOTURNO 19:00 AS 07:00 - 33,0054 12X36 NOTURNO 19:00 AS 07:00 - 33
1001,0071 12X36 DAS 12:00:00 AS 00:00:00. - 33,0071 12X36 DAS 12:00:00 AS 00:00:00. - 33
1002,0074 SEG A SEX 05:00 AS 14:00 SAB 05:00 AS 09:00. - 33,0074 SEG A SEX 05:00 AS 14:00 SAB 05:00 AS 09:00. - 33
1003,0075 TER A SEX 07:00 AS 17:00 SAB 07:00 AS 16:00. - 33,0075 TER A SEX 07:00 AS 17:00 SAB 07:00 AS 16:00. - 33
1004,0076 SEG A SEX DAS 05:00 AS 14:00 SAB 07:00 AS 11:00. - 33,0076 SEG A SEX DAS 05:00 AS 14:00 SAB 07:00 AS 11:00. - 33
1005,0077 SEG A QUI DAS 13:00 AS 23:00 SEX 13:00 22:00. - 33,0077 SEG A QUI DAS 13:00 AS 23:00 SEX 13:00 22:00. - 33
1006,0083 SEG A QUIN 16:00 AS 02:00 SEX 16:00 AS 01:00. - 33,0083 SEG A QUIN 16:00 AS 02:00 SEX 16:00 AS 01:00. - 33
1007,0084 12X36 06:00 AS 18:00. - 33,0084 12X36 06:00 AS 18:00. - 33
1008,0085 SEG A SAB 06:00 AS 14:00:20 C/01:00. - 33,0085 SEG A SAB 06:00 AS 14:00:20 C/01:00. - 33
1009,0090 SEG A SEX DAS 12:00 AS 21:00 - 33,0090 SEG A SEX DAS 12:00 AS 21:00 - 33
1010,0102 SEG A SEX 06:00 AS 15:00 - 33,0102 SEG A SEX 06:00 AS 15:00 - 33
1011,0103PA 12X36 11:00 AS 23:00 - 33,0103PA 12X36 11:00 AS 23:00 - 33
1012,0104PA 12X36 20:00 AS 08:00 - 33,0104PA 12X36 20:00 AS 08:00 - 33
1013,0105PA TER A SEX 09:00 AS 19:00 SAB 09:00 AS 18:00 - 33,0105PA TER A SEX 09:00 AS 19:00 SAB 09:00 AS 18:00 - 33
1014,0107PA SEG A QUI 20:30 AS 06:00:30 E SEX 20:30 AS 05:00:30 COPIA - 33,0107PA SEG A QUI 20:30 AS 06:00:30 E SEX 20:30 AS 05:00:30 COPIA - 33
1015,109PA SEG A SEX 12:00 AS 21:00 SAB 09:00 AS 13:00 - 33,109PA SEG A SEX 12:00 AS 21:00 SAB 09:00 AS 13:00 - 33
1016,110 SEG A QUI 16:00 AS 02:00 SEX 16:00 AS 01:00 - 33,110 SEG A QUI 16:00 AS 02:00 SEX 16:00 AS 01:00 - 33
1017,111 SEG A QUIN 18:00 AS 04:00 SEX 18:00 AS 03:00 - 33,111 SEG A QUIN 18:00 AS 04:00 SEX 18:00 AS 03:00 - 33
1018,0112 SEG A SEX 07:00 AS 16:00 - 33,0112 SEG A SEX 07:00 AS 16:00 - 33
1019,0113 SEG A SEX 08:00 AS 15:00 - 33,0113 SEG A SEX 08:00 AS 15:00 - 33
1020,0114 SEG A SEX 11:00 AS 18:00 - 33,0114 SEG A SEX 11:00 AS 18:00 - 33
1021,0115 SEG A SEX 12:00 AS 19:00 - 33,0115 SEG A SEX 12:00 AS 19:00 - 33
1022,0116 SEG A SEX 07:00 AS 14:00 - 33,0116 SEG A SEX 07:00 AS 14:00 - 33
1023,0121PA SEG A QUIN 03:30:00 AS 13:00:30 SEX 03:30:00 AS 12:00:30 - 33,0121PA SEG A QUIN 03:30:00 AS 13:00:30 SEX 03:30:00 AS 12:00:30 - 33
1024,0122 10:00 AS 17:00 - 33,0122 10:00 AS 17:00 - 33
1025,0123PA SEG 07:00 AS 16:00 / TER SEX 07:00 AS 17:00 - 33,0123PA SEG 07:00 AS 16:00 / TER SEX 07:00 AS 17:00 - 33
1026,0123 SEG 07:00 AS 16:00 / TER SEX 07:00 AS 17:00 - 33,0123 SEG 07:00 AS 16:00 / TER SEX 07:00 AS 17:00 - 33
1027,0127(PA) SEG 08:00 AS 17:00 TER A SEX 08:00 AS 18:00 - 33,0127(PA) SEG 08:00 AS 17:00 TER A SEX 08:00 AS 18:00 - 33
1028,0127 SEG 08:00 AS 17:00 TER A SEX 08:00 AS 18:00 - 33,0127 SEG 08:00 AS 17:00 TER A SEX 08:00 AS 18:00 - 33
1029,0129PA SEG A SEX 19:40 AS 05:00:40 SEX 04:40 - 33,0129PA SEG A SEX 19:40 AS 05:00:40 SEX 04:40 - 33
1030,0130 SEG A QUIN DAS 05:30 AS 15:00:30 SEX DAS 05:30 AS 14:00:30 H - 33,0130 SEG A QUIN DAS 05:30 AS 15:00:30 SEX DAS 05:30 AS 14:00:30 H - 33
1031,0131A ESCALA 4X2 06:00 AS 15:00 - 33,0131A ESCALA 4X2 06:00 AS 15:00 - 33
1032,0132A ESCALA 4X2 14:00 AS 23:00 - 33,0132A ESCALA 4X2 14:00 AS 23:00 - 33
1033,0133A ESCALA 4X2 22:00 AS 07:00 - 33,0133A ESCALA 4X2 22:00 AS 07:00 - 33
1034,0131B ESCALA 4X2 06:00 AS 15:00 - 33,0131B ESCALA 4X2 06:00 AS 15:00 - 33
1035,0131C ESCALA 4X2 06:00 AS 15:00 - 33,0131C ESCALA 4X2 06:00 AS 15:00 - 33
1036,0132B ESCALA 4X2 14:00 AS 23:00 - 33,0132B ESCALA 4X2 14:00 AS 23:00 - 33
1037,0132C ESCALA 4X2 14:00 AS 23:00 - 33,0132C ESCALA 4X2 14:00 AS 23:00 - 33
1038,0133B ESCALA 4X2 22:00 AS 07:00 - 33,0133B ESCALA 4X2 22:00 AS 07:00 - 33
1039,0133C ESCALA 4X2 22:00 AS 07:00 - 33,0133C ESCALA 4X2 22:00 AS 07:00 - 33
1040,SEG A QUI 08:00 AS 18:00 SEX 08:00:00 AS 17:00:00 - 33,SEG A QUI 08:00 AS 18:00 SEX 08:00:00 AS 17:00:00 - 33
